id_nota,id_estudiante,id_materia,periodo,nota1,nota2,nota3,fecha_registro,observacion
1,1,1,2024-1,1.2,2.8,1.5,2024-03-06,Velit dolor corrupti maxime placeat quibusdam dolorum rem.
2,1,2,2024-1,4.3,3.5,4.4,2024-02-02,
3,1,3,2024-1,3.6,4.1,4.9,2024-01-17,Nemo ipsum illum porro eos fuga officia.
4,1,4,2024-1,2.1,3.5,2.5,2024-02-08,
5,1,5,2024-1,3.8,3.7,1.3,2024-02-01,Dolore exercitationem velit autem dicta vel.
6,1,6,2024-1,1.7,2.5,5.0,2024-01-30,Mollitia nostrum perferendis sunt incidunt.
7,1,7,2024-1,2.3,4.1,1.2,2024-02-27,Dolore culpa aperiam ad dolorum aliquid quidem.
8,1,8,2024-1,2.1,1.8,4.8,2024-02-09,Esse aperiam modi sit sint sint quasi.
9,2,1,2024-1,3.0,4.5,3.6,2024-02-25,
10,2,2,2024-1,3.2,2.1,3.3,2024-03-02,Libero atque sed voluptatibus nostrum.
11,2,3,2024-1,5.0,1.6,3.0,2024-01-29,Repellendus est earum non possimus eum asperiores iste.
12,2,4,2024-1,3.5,4.2,2.7,2024-01-24,
13,2,5,2024-1,3.1,4.9,4.4,2024-02-13,
14,2,6,2024-1,4.5,4.0,4.1,2024-02-27,
15,2,7,2024-1,2.8,4.8,4.5,2024-01-25,
16,2,8,2024-1,3.0,1.4,3.5,2024-01-26,Consequatur error ullam quo.
17,3,1,2024-1,1.6,4.1,3.2,2024-01-27,Quas possimus officiis.
18,3,2,2024-1,3.4,3.0,1.4,2024-01-15,
19,3,4,2024-1,1.2,4.5,4.8,2024-01-30,
20,3,5,2024-1,4.9,3.1,1.5,2024-01-19,Sit vel vel aliquam reprehenderit.
21,3,6,2024-1,2.1,4.5,2.7,2024-01-25,
22,3,7,2024-1,3.8,3.9,2.6,2024-03-01,Alias laboriosam ad.
23,3,8,2024-1,3.1,1.5,1.9,2024-03-12,
24,4,1,2024-1,3.4,1.0,3.8,2024-01-29,
25,4,2,2024-1,4.4,1.3,2.0,2024-01-17,Voluptates omnis totam nobis iste dolorum nesciunt officiis.
26,4,3,2024-1,3.9,4.5,3.3,2024-01-23,
27,4,4,2024-1,1.8,1.4,2.7,2024-02-10,
28,4,5,2024-1,1.2,3.6,3.6,2024-03-01,
29,4,6,2024-1,4.4,2.0,1.8,2024-03-06,
30,4,7,2024-1,2.9,4.5,1.3,2024-02-01,Nobis quibusdam nobis earum unde eius blanditiis animi.
31,4,8,2024-1,1.2,5.0,4.3,2024-01-21,Omnis explicabo maiores quae error tempora facere.
32,5,1,2024-1,1.9,2.6,2.9,2024-03-09,Aperiam velit non aspernatur qui natus.
33,5,2,2024-1,2.5,4.9,2.1,2024-01-25,Atque iure enim dignissimos.
34,5,3,2024-1,3.8,3.9,4.1,2024-02-11,Eos qui fugiat reiciendis tenetur.
35,5,4,2024-1,2.2,4.9,3.3,2024-01-27,
36,5,5,2024-1,1.2,2.9,4.7,2024-01-18,
37,5,6,2024-1,1.3,1.7,3.4,2024-02-16,Tempore beatae accusamus hic.
38,5,7,2024-1,4.8,3.3,3.3,2024-01-22,
39,5,8,2024-1,3.3,3.1,4.7,2024-02-26,
40,6,1,2024-1,2.1,1.5,3.6,2024-01-30,
41,6,2,2024-1,1.3,2.8,5.0,2024-03-14,Dicta ex dolores eaque ex illum quia.
42,6,3,2024-1,3.0,1.5,2.4,2024-01-28,
43,6,4,2024-1,1.6,4.3,3.8,2024-02-02,Quasi saepe ad velit dignissimos maxime.
44,6,6,2024-1,3.7,3.2,4.7,2024-01-15,
45,6,7,2024-1,1.5,1.4,3.2,2024-01-31,
46,6,8,2024-1,2.4,3.7,4.4,2024-02-29,
47,7,1,2024-1,4.4,1.4,2.7,2024-03-13,
48,7,2,2024-1,1.5,4.9,1.6,2024-03-04,
49,7,3,2024-1,1.0,1.3,4.5,2024-02-19,Doloribus quasi eligendi dolor omnis.
50,7,4,2024-1,2.5,3.2,2.7,2024-03-08,
51,7,5,2024-1,4.2,4.4,4.6,2024-03-14,
52,7,6,2024-1,2.4,3.2,4.5,2024-01-21,Perspiciatis numquam aliquam reiciendis consectetur.
53,7,7,2024-1,4.7,4.5,4.9,2024-03-14,Quos non consectetur odio rerum nulla.
54,7,8,2024-1,1.7,4.7,4.1,2024-01-16,
55,8,1,2024-1,4.2,2.1,4.1,2024-03-02,
56,8,2,2024-1,2.9,1.8,4.7,2024-03-09,
57,8,3,2024-1,1.9,1.1,1.8,2024-03-10,
58,8,4,2024-1,2.1,3.6,2.6,2024-03-04,Maiores quia alias fugiat quo magnam.
59,8,5,2024-1,1.1,4.5,2.0,2024-03-15,
60,8,7,2024-1,2.7,3.9,2.3,2024-02-22,Aliquid praesentium ducimus.
61,8,8,2024-1,4.6,1.8,1.2,2024-02-08,
62,9,1,2024-1,3.2,3.9,4.0,2024-03-06,Sit aut eveniet ex ducimus omnis.
63,9,2,2024-1,4.8,4.7,3.5,2024-01-19,Nemo illo nemo corrupti provident voluptatibus.
64,9,3,2024-1,2.2,2.2,2.6,2024-03-12,
65,9,4,2024-1,1.8,3.7,2.5,2024-01-23,Quaerat quo minima commodi hic earum quasi.
66,9,5,2024-1,2.2,3.2,1.0,2024-02-20,
67,9,6,2024-1,3.4,2.3,2.8,2024-02-21,Commodi omnis architecto similique.
68,9,7,2024-1,4.6,4.2,1.7,2024-03-05,
69,9,8,2024-1,3.5,1.4,4.8,2024-02-24,
70,10,1,2024-1,1.8,1.1,2.0,2024-03-06,
71,10,2,2024-1,2.8,4.5,3.3,2024-01-19,Vero ex recusandae.
72,10,3,2024-1,2.0,3.6,1.0,2024-02-09,Adipisci nesciunt magni est omnis quas vel.
73,10,4,2024-1,4.1,1.9,4.2,2024-01-21,Officia quidem reiciendis rerum corrupti laborum similique.
74,10,5,2024-1,2.0,4.4,2.8,2024-02-19,Beatae voluptas tempore.
75,10,6,2024-1,3.4,4.8,4.6,2024-02-19,Repellendus id animi.
76,10,7,2024-1,2.7,4.6,2.8,2024-02-16,
77,10,8,2024-1,2.0,2.0,3.6,2024-02-12,Enim esse tenetur placeat.
78,11,1,2024-1,2.0,2.8,3.9,2024-02-24,
79,11,2,2024-1,3.2,1.6,1.9,2024-03-12,Eum saepe ut veniam.
80,11,3,2024-1,2.7,2.3,2.9,2024-01-19,
81,11,4,2024-1,4.6,3.3,3.8,2024-02-08,Natus ratione quam exercitationem a ducimus earum.
82,11,5,2024-1,2.9,4.8,2.2,2024-02-08,
83,11,6,2024-1,2.7,4.0,3.2,2024-03-08,Inventore deserunt optio eligendi voluptatum neque.
84,11,7,2024-1,2.1,2.9,2.6,2024-01-29,Totam nihil beatae expedita modi.
85,11,8,2024-1,1.7,2.9,1.5,2024-03-01,Aliquam est tempore aut exercitationem.
86,12,1,2024-1,3.4,3.7,1.3,2024-02-09,
87,12,2,2024-1,1.2,2.5,1.8,2024-01-26,
88,12,3,2024-1,2.1,4.8,2.7,2024-02-08,Aliquid suscipit pariatur quas ducimus deserunt error.
89,12,4,2024-1,3.2,5.0,2.4,2024-03-02,Nihil voluptatibus aspernatur repellendus.
90,12,5,2024-1,1.2,1.1,2.0,2024-02-25,Voluptates impedit in inventore.
91,12,6,2024-1,1.5,3.7,3.3,2024-01-30,
92,12,7,2024-1,2.5,3.4,4.9,2024-03-04,Dolor magni non fugiat deserunt.
93,12,8,2024-1,4.9,1.4,1.1,2024-01-25,
94,13,1,2024-1,2.6,3.9,1.3,2024-02-08,Maxime nostrum tempora facere similique possimus hic debitis.
95,13,2,2024-1,3.8,2.2,3.7,2024-01-21,Aperiam aliquid consequatur numquam quidem quas.
96,13,3,2024-1,4.1,2.4,2.7,2024-02-20,
97,13,4,2024-1,1.1,2.7,3.0,2024-02-05,
98,13,5,2024-1,4.3,3.8,2.7,2024-03-12,Laudantium deserunt culpa suscipit dolorum blanditiis aliquid ea.
99,13,7,2024-1,4.7,4.1,2.9,2024-03-06,Pariatur similique earum nemo eius.
100,13,8,2024-1,4.4,4.3,1.3,2024-02-04,Soluta ratione dolore sint.
101,14,1,2024-1,3.3,3.7,2.3,2024-02-13,
102,14,2,2024-1,1.8,4.2,2.4,2024-02-15,Amet eligendi dolore quisquam dolor pariatur.
103,14,3,2024-1,3.2,3.1,1.8,2024-02-01,
104,14,4,2024-1,4.0,3.8,3.6,2024-02-19,
105,14,5,2024-1,2.2,2.6,2.0,2024-01-20,Corrupti quaerat delectus recusandae ipsa.
106,14,6,2024-1,3.1,2.7,4.0,2024-02-19,
107,14,7,2024-1,2.2,1.9,3.9,2024-02-01,
108,14,8,2024-1,4.0,1.7,1.9,2024-03-15,
109,15,1,2024-1,3.1,2.1,1.4,2024-03-03,
110,15,2,2024-1,2.2,3.8,1.5,2024-01-26,
111,15,3,2024-1,3.8,1.5,4.5,2024-02-02,
112,15,4,2024-1,2.1,2.9,2.4,2024-02-20,Voluptas praesentium odit perspiciatis eaque.
113,15,5,2024-1,2.9,4.3,2.6,2024-03-10,
114,15,6,2024-1,1.6,4.2,4.8,2024-01-18,
115,15,7,2024-1,4.1,3.4,4.2,2024-02-19,
116,15,8,2024-1,4.6,2.2,3.4,2024-02-12,
117,16,1,2024-1,3.4,4.0,4.8,2024-01-18,
118,16,2,2024-1,1.3,2.0,3.2,2024-02-26,
119,16,3,2024-1,3.4,2.2,1.9,2024-02-28,Quae ex eaque facere consequatur.
120,16,4,2024-1,1.3,1.9,2.1,2024-02-13,Commodi consequatur neque repellendus ad est.
121,16,5,2024-1,4.7,2.7,3.2,2024-03-06,Similique exercitationem reiciendis voluptates vitae.
122,16,6,2024-1,1.6,1.2,4.2,2024-03-07,
123,16,7,2024-1,2.2,1.5,3.8,2024-03-13,Corrupti ea earum autem quo hic quasi.
124,16,8,2024-1,3.2,2.8,3.4,2024-02-16,Eligendi excepturi id tempora repellat ipsam rem aliquam.
125,17,1,2024-1,2.0,1.4,4.8,2024-02-22,Delectus error error est.
126,17,2,2024-1,1.1,4.1,4.3,2024-03-15,
127,17,3,2024-1,2.9,3.6,4.7,2024-01-26,
128,17,4,2024-1,4.3,4.9,2.9,2024-02-24,
129,17,5,2024-1,4.4,2.3,3.8,2024-01-21,
130,17,6,2024-1,4.0,1.1,1.4,2024-03-07,
131,17,7,2024-1,2.6,3.1,5.0,2024-03-04,Saepe ducimus aperiam sit expedita officia.
132,17,8,2024-1,1.2,3.1,3.5,2024-02-10,
133,18,1,2024-1,1.8,3.2,4.7,2024-01-18,
134,18,2,2024-1,1.1,3.5,4.2,2024-01-22,Incidunt error qui itaque est.
135,18,3,2024-1,3.2,1.4,5.0,2024-01-15,Error quod quidem nesciunt quos blanditiis quaerat modi.
136,18,4,2024-1,3.6,1.6,4.7,2024-01-22,
137,18,5,2024-1,4.3,4.9,2.0,2024-02-10,
138,18,6,2024-1,3.4,4.0,1.5,2024-03-13,
139,18,7,2024-1,2.7,4.7,3.0,2024-03-09,Quasi quasi deserunt maiores laboriosam occaecati alias.
140,18,8,2024-1,4.3,3.3,3.6,2024-02-03,A officia consequatur accusantium vero.
141,19,1,2024-1,2.4,3.2,3.2,2024-02-14,
142,19,2,2024-1,4.9,2.0,2.5,2024-01-27,Iure ab alias autem.
143,19,3,2024-1,4.0,3.8,4.2,2024-02-04,
144,19,4,2024-1,3.6,1.6,4.9,2024-03-07,
145,19,6,2024-1,4.5,2.8,3.1,2024-01-21,
146,19,7,2024-1,4.5,4.9,1.3,2024-02-10,Aut harum distinctio atque quas a.
147,19,8,2024-1,3.8,3.6,4.4,2024-02-23,Placeat voluptate aperiam est iure.
148,20,1,2024-1,4.8,3.5,4.5,2024-02-08,
149,20,2,2024-1,1.3,3.5,4.7,2024-02-23,Laboriosam doloremque voluptate doloribus.
150,20,3,2024-1,4.9,4.0,3.8,2024-02-11,
151,20,4,2024-1,4.6,1.2,4.2,2024-02-03,
152,20,5,2024-1,2.0,2.6,3.7,2024-01-24,
153,20,6,2024-1,4.5,3.5,2.0,2024-02-23,Earum aperiam rem consectetur quos.
154,20,7,2024-1,3.6,2.8,3.7,2024-02-13,Ut fugiat iure vel sed autem corporis accusamus.
155,20,8,2024-1,3.7,1.6,2.8,2024-02-02,
156,21,1,2024-1,4.8,3.8,2.8,2024-02-24,
157,21,3,2024-1,1.9,3.3,3.3,2024-01-21,Sit qui labore doloribus cum voluptate harum consequuntur.
158,21,4,2024-1,3.6,2.1,3.3,2024-03-08,Modi iure temporibus repudiandae ea expedita nesciunt repudiandae.
159,21,5,2024-1,4.6,4.0,4.3,2024-01-18,Rerum numquam officiis.
160,21,6,2024-1,3.4,2.4,3.5,2024-01-29,Soluta facilis quas repellendus.
161,21,7,2024-1,4.1,3.7,1.5,2024-03-01,
162,21,8,2024-1,2.2,2.8,3.3,2024-01-17,Voluptatem vitae aperiam voluptas ut maiores.
163,22,1,2024-1,2.3,2.7,1.8,2024-02-02,Minus eum ipsum ipsum officiis placeat possimus asperiores.
164,22,2,2024-1,3.1,4.7,4.3,2024-02-07,
165,22,3,2024-1,4.9,2.2,4.5,2024-02-14,Et maiores recusandae nemo velit.
166,22,4,2024-1,1.6,4.9,4.4,2024-01-19,A maxime possimus.
167,22,7,2024-1,1.4,2.6,2.1,2024-02-07,
168,22,8,2024-1,3.7,3.3,4.3,2024-03-02,Esse nobis possimus.
169,23,1,2024-1,2.9,3.5,4.8,2024-01-29,
170,23,2,2024-1,1.3,4.3,4.6,2024-02-25,
171,23,3,2024-1,1.2,1.1,5.0,2024-01-23,
172,23,4,2024-1,1.5,2.8,3.7,2024-02-18,Culpa quia dolor necessitatibus.
173,23,5,2024-1,3.3,3.9,4.5,2024-02-10,Nam molestias facilis reiciendis ea ad soluta.
174,23,6,2024-1,2.6,4.8,1.1,2024-02-23,
175,23,7,2024-1,1.9,2.5,4.9,2024-03-15,
176,23,8,2024-1,2.4,2.6,1.8,2024-02-25,
177,24,1,2024-1,1.4,1.8,3.6,2024-02-13,Ut quia praesentium inventore expedita aliquam rerum mollitia.
178,24,2,2024-1,2.0,1.5,3.3,2024-02-05,
179,24,3,2024-1,3.3,4.3,1.9,2024-01-28,Quas ab dolorem perferendis nam tenetur.
180,24,4,2024-1,1.0,4.4,1.6,2024-02-22,
181,24,5,2024-1,1.4,4.5,1.5,2024-01-26,
182,24,6,2024-1,2.3,1.7,1.2,2024-02-21,Eos minus magni deleniti sapiente impedit.
183,24,7,2024-1,1.3,2.8,2.4,2024-03-02,
184,24,8,2024-1,4.8,1.2,4.1,2024-01-29,Modi nisi error maiores ullam ut.
185,25,1,2024-1,3.6,1.1,5.0,2024-02-13,Sed beatae corporis odio id quae.
186,25,2,2024-1,3.0,4.6,1.3,2024-01-21,
187,25,3,2024-1,1.5,3.5,3.3,2024-01-19,Provident vitae sapiente aperiam ab nostrum.
188,25,4,2024-1,3.1,2.8,3.4,2024-02-22,
189,25,5,2024-1,3.6,4.5,3.2,2024-03-09,Ipsam provident cum dolores excepturi.
190,25,6,2024-1,1.9,2.4,2.8,2024-03-11,
191,25,7,2024-1,2.3,2.0,4.8,2024-02-11,Aperiam soluta voluptatem iste asperiores dicta necessitatibus dolore.
192,25,8,2024-1,4.3,1.4,1.4,2024-01-20,Ratione cum dolores dolore reiciendis.
193,26,1,2024-1,1.2,4.8,3.2,2024-02-19,Nam provident soluta temporibus ad.
194,26,2,2024-1,3.7,4.0,4.5,2024-03-10,Molestiae optio soluta quibusdam dolor.
195,26,4,2024-1,1.4,3.0,1.6,2024-02-06,
196,26,5,2024-1,4.4,2.5,4.1,2024-02-06,
197,26,6,2024-1,3.2,4.1,3.5,2024-03-09,Quis eius possimus voluptatem.
198,26,7,2024-1,4.7,4.3,2.1,2024-02-22,
199,26,8,2024-1,4.7,2.4,1.7,2024-02-03,
200,27,1,2024-1,1.6,3.5,1.1,2024-01-19,Laudantium mollitia nesciunt aut.
201,27,2,2024-1,2.8,1.6,2.2,2024-02-10,
202,27,3,2024-1,1.3,1.2,1.6,2024-02-22,Nesciunt laudantium modi optio praesentium omnis exercitationem.
203,27,4,2024-1,2.8,2.7,3.4,2024-02-01,
204,27,5,2024-1,1.5,2.7,2.1,2024-02-16,Dicta eaque quidem perferendis consectetur dolorem.
205,27,6,2024-1,2.2,1.9,4.9,2024-02-26,
206,27,7,2024-1,1.8,1.5,2.0,2024-03-15,
207,27,8,2024-1,2.7,1.5,3.1,2024-03-02,
208,28,1,2024-1,4.2,1.3,4.4,2024-02-26,
209,28,2,2024-1,1.3,2.3,2.7,2024-03-13,
210,28,3,2024-1,1.5,1.1,2.3,2024-02-02,Repellendus nisi occaecati nihil laboriosam.
211,28,4,2024-1,3.8,2.4,2.7,2024-03-08,
212,28,5,2024-1,3.1,2.6,2.2,2024-02-09,
213,28,6,2024-1,1.3,3.5,3.1,2024-01-25,
214,28,7,2024-1,3.9,4.3,4.3,2024-02-06,
215,28,8,2024-1,1.7,1.6,4.0,2024-01-27,
216,29,2,2024-1,4.0,4.0,2.8,2024-02-13,Et rem repudiandae ducimus.
217,29,3,2024-1,4.9,2.3,4.9,2024-02-24,
218,29,4,2024-1,2.8,2.2,2.1,2024-02-14,
219,29,5,2024-1,2.8,1.2,2.5,2024-02-03,
220,29,6,2024-1,1.4,3.4,2.5,2024-03-09,
221,29,8,2024-1,2.8,4.2,3.6,2024-01-17,
222,30,1,2024-1,4.8,2.8,4.2,2024-01-24,Laborum repellendus aspernatur.
223,30,3,2024-1,1.7,2.0,2.8,2024-02-25,
224,30,4,2024-1,2.5,4.7,2.5,2024-01-25,Id veniam aut magni saepe.
225,30,5,2024-1,4.2,3.6,1.3,2024-01-18,
226,30,6,2024-1,2.0,4.4,4.9,2024-02-02,Quaerat ipsa unde.
227,30,7,2024-1,3.3,1.6,2.4,2024-01-20,Quo at nostrum.
228,30,8,2024-1,1.5,3.8,1.3,2024-02-09,
229,31,1,2024-1,4.3,3.7,4.3,2024-02-05,Harum laborum eligendi.
230,31,2,2024-1,1.4,3.7,3.0,2024-02-17,
231,31,3,2024-1,1.9,4.8,2.9,2024-03-15,
232,31,4,2024-1,2.2,4.2,3.0,2024-01-19,
233,31,5,2024-1,1.2,2.3,4.1,2024-02-17,
234,31,6,2024-1,1.7,3.8,3.5,2024-01-25,Doloribus dignissimos eius laudantium.
235,31,7,2024-1,2.6,3.7,2.0,2024-01-17,
236,31,8,2024-1,4.1,1.9,2.0,2024-03-02,Exercitationem porro dolorem quidem cupiditate nam maiores.
237,32,1,2024-1,4.3,2.5,4.8,2024-03-12,Rerum in sequi error.
238,32,2,2024-1,4.1,3.0,2.7,2024-02-02,
239,32,3,2024-1,1.6,2.0,3.6,2024-02-22,Nam cupiditate dolorum natus ex rerum natus.
240,32,4,2024-1,3.8,3.1,1.5,2024-01-21,
241,32,5,2024-1,4.6,1.6,2.7,2024-02-12,Vel explicabo architecto sint cupiditate tempore exercitationem.
242,32,6,2024-1,4.5,4.7,2.7,2024-02-12,
243,32,7,2024-1,5.0,2.5,1.1,2024-02-08,Ea itaque at perferendis temporibus cum error vero.
244,32,8,2024-1,2.3,1.6,1.2,2024-02-25,Sequi iure sequi voluptatem sed itaque doloremque.
245,33,1,2024-1,1.6,3.8,2.8,2024-03-08,
246,33,2,2024-1,1.9,1.6,4.8,2024-01-31,Veritatis nam doloribus illo.
247,33,3,2024-1,2.2,2.2,1.2,2024-03-04,
248,33,4,2024-1,1.3,4.3,3.0,2024-02-13,
249,33,5,2024-1,2.0,1.6,2.7,2024-02-20,Deserunt suscipit perspiciatis perferendis.
250,33,6,2024-1,1.7,3.7,3.1,2024-02-10,
251,33,8,2024-1,5.0,3.2,2.6,2024-03-05,
252,34,1,2024-1,2.0,1.1,4.2,2024-02-07,
253,34,2,2024-1,1.4,3.3,4.0,2024-02-24,
254,34,3,2024-1,4.3,1.7,4.1,2024-02-05,
255,34,4,2024-1,1.7,1.5,3.9,2024-02-24,Aspernatur impedit eos.
256,34,5,2024-1,1.2,1.8,1.2,2024-01-27,Debitis debitis dolorem ipsam magni nesciunt aliquam ratione.
257,34,6,2024-1,3.2,2.0,4.0,2024-03-07,
258,34,7,2024-1,1.2,3.6,2.1,2024-03-04,Quos ratione id autem.
259,34,8,2024-1,4.0,4.6,2.5,2024-02-09,Perferendis commodi temporibus inventore dicta distinctio.
260,35,1,2024-1,2.5,4.2,2.1,2024-02-15,
261,35,2,2024-1,3.4,4.3,3.2,2024-02-11,
262,35,3,2024-1,2.2,2.8,3.9,2024-02-26,
263,35,4,2024-1,1.2,4.5,2.4,2024-02-12,Maiores dicta voluptatum impedit odit perspiciatis.
264,35,5,2024-1,4.8,1.3,3.6,2024-03-05,
265,35,6,2024-1,1.6,1.1,4.4,2024-02-27,Laboriosam mollitia exercitationem nobis vitae illo est esse.
266,35,7,2024-1,1.3,4.1,2.5,2024-01-23,
267,35,8,2024-1,1.6,2.8,2.5,2024-02-22,
268,36,1,2024-1,3.1,2.6,3.6,2024-01-23,
269,36,2,2024-1,1.7,3.1,4.7,2024-03-02,
270,36,3,2024-1,2.8,5.0,2.1,2024-02-29,Voluptatibus maiores non sapiente exercitationem expedita quam.
271,36,4,2024-1,1.5,1.3,1.7,2024-01-22,Velit quam hic consequatur quae repellat inventore.
272,36,6,2024-1,4.9,3.7,3.8,2024-03-09,
273,36,7,2024-1,4.4,3.8,4.7,2024-02-03,Pariatur totam dignissimos laudantium.
274,36,8,2024-1,1.9,4.9,4.2,2024-02-16,
275,37,1,2024-1,3.2,2.5,4.2,2024-02-07,
276,37,2,2024-1,1.3,2.6,3.9,2024-01-20,
277,37,3,2024-1,4.3,1.3,4.9,2024-02-10,Mollitia deserunt amet qui.
278,37,4,2024-1,3.1,1.5,4.3,2024-02-27,
279,37,5,2024-1,4.9,2.7,4.6,2024-03-04,
280,37,6,2024-1,2.2,1.6,4.7,2024-01-24,
281,37,7,2024-1,4.6,4.4,2.0,2024-02-17,Reprehenderit deleniti beatae magnam.
282,37,8,2024-1,3.5,3.5,1.4,2024-01-23,Velit praesentium culpa cupiditate veniam excepturi.
283,38,1,2024-1,1.6,3.6,3.9,2024-02-21,Dolor animi tenetur perferendis minus autem.
284,38,2,2024-1,1.2,4.5,1.3,2024-02-20,Numquam natus consequuntur iusto ex.
285,38,3,2024-1,3.6,4.1,2.7,2024-01-31,Assumenda eveniet praesentium mollitia iusto at laudantium.
286,38,4,2024-1,3.2,3.6,2.2,2024-02-24,
287,38,5,2024-1,2.2,1.3,1.2,2024-02-09,
288,38,6,2024-1,2.4,1.6,4.4,2024-01-28,
289,38,8,2024-1,1.5,2.5,3.2,2024-02-09,
290,39,1,2024-1,2.8,1.6,1.2,2024-02-01,Numquam architecto eos sit.
291,39,2,2024-1,2.0,4.5,1.6,2024-02-10,
292,39,3,2024-1,1.8,1.6,5.0,2024-02-04,
293,39,4,2024-1,1.1,4.8,3.0,2024-02-15,Laborum consectetur facere iste aspernatur ad occaecati.
294,39,5,2024-1,1.2,2.1,3.4,2024-02-06,Eligendi repudiandae ratione reprehenderit voluptatibus.
295,39,6,2024-1,3.1,4.4,2.7,2024-02-02,Perferendis molestiae consequatur totam commodi.
296,39,7,2024-1,2.6,1.2,1.2,2024-03-03,
297,39,8,2024-1,1.3,3.0,4.1,2024-02-02,
298,40,2,2024-1,1.5,1.4,2.5,2024-01-22,Officiis ducimus commodi officiis nostrum unde mollitia.
299,40,3,2024-1,4.0,1.8,3.0,2024-02-07,
300,40,4,2024-1,3.9,4.2,3.1,2024-01-23,
301,40,5,2024-1,2.3,3.5,1.7,2024-01-23,Iure asperiores suscipit modi.
302,40,6,2024-1,3.4,3.0,3.0,2024-02-03,
303,40,7,2024-1,4.3,2.5,3.7,2024-02-14,Nulla culpa assumenda maxime.
304,40,8,2024-1,4.6,4.5,3.5,2024-03-05,
305,41,1,2024-1,4.1,4.1,3.3,2024-02-25,Incidunt nobis nisi incidunt laborum autem et.
306,41,2,2024-1,3.1,3.9,4.1,2024-01-25,
307,41,3,2024-1,1.1,4.8,1.4,2024-01-30,
308,41,4,2024-1,2.7,1.8,3.0,2024-01-24,Ab culpa minus.
309,41,5,2024-1,3.9,1.2,1.6,2024-03-09,
310,41,6,2024-1,2.9,2.5,4.8,2024-02-26,
311,41,7,2024-1,2.4,4.1,3.9,2024-02-18,Illum architecto ipsa at odit sapiente.
312,41,8,2024-1,2.9,4.8,2.1,2024-02-23,
313,42,1,2024-1,4.1,3.8,3.8,2024-02-03,
314,42,2,2024-1,4.7,4.2,2.1,2024-02-19,
315,42,3,2024-1,4.6,2.6,2.4,2024-02-08,Incidunt ea id eligendi iusto.
316,42,4,2024-1,2.2,3.9,2.4,2024-01-17,
317,42,5,2024-1,1.9,4.3,2.1,2024-02-14,
318,42,6,2024-1,3.5,3.3,2.0,2024-01-21,Repellat voluptate voluptatum officiis libero facilis nobis.
319,42,7,2024-1,1.9,1.4,2.3,2024-02-24,
320,42,8,2024-1,1.0,3.2,4.7,2024-01-23,
321,43,1,2024-1,2.9,3.6,4.0,2024-03-11,
322,43,2,2024-1,4.6,1.4,3.3,2024-01-18,
323,43,3,2024-1,1.1,4.7,2.7,2024-03-14,Dolorem dignissimos at odio eos iste et.
324,43,4,2024-1,5.0,2.6,3.0,2024-01-17,Labore rerum voluptas.
325,43,6,2024-1,1.1,2.2,3.4,2024-03-11,Similique nulla quos sequi nisi.
326,43,7,2024-1,5.0,3.2,3.0,2024-02-13,Exercitationem quasi laudantium totam.
327,43,8,2024-1,2.1,4.2,2.3,2024-02-13,Veritatis aut veritatis non reprehenderit autem.
328,44,1,2024-1,1.7,3.9,4.2,2024-02-29,
329,44,2,2024-1,3.4,3.6,2.6,2024-01-26,
330,44,3,2024-1,3.7,1.7,1.6,2024-02-09,
331,44,4,2024-1,2.5,2.8,2.1,2024-01-31,
332,44,5,2024-1,1.0,3.6,3.8,2024-02-20,
333,44,6,2024-1,1.6,3.7,4.7,2024-02-03,Ab sequi voluptatibus.
334,44,7,2024-1,1.5,4.7,2.2,2024-02-28,Officiis nisi doloribus officiis dicta cumque.
335,44,8,2024-1,2.9,2.8,5.0,2024-01-23,
336,45,1,2024-1,2.9,3.2,3.7,2024-03-13,
337,45,2,2024-1,3.4,4.1,3.1,2024-03-03,
338,45,3,2024-1,3.3,1.2,3.2,2024-03-13,
339,45,4,2024-1,1.7,4.4,2.8,2024-01-24,Error expedita iste numquam.
340,45,5,2024-1,1.4,3.0,4.2,2024-02-15,
341,45,6,2024-1,3.3,3.2,3.7,2024-02-13,
342,45,7,2024-1,4.3,4.0,3.3,2024-01-31,
343,45,8,2024-1,3.2,1.2,4.6,2024-01-19,Temporibus dignissimos reiciendis nemo cum.
344,46,1,2024-1,2.6,4.1,4.1,2024-02-02,Iure quaerat nulla.
345,46,2,2024-1,2.5,4.6,2.8,2024-02-10,Perspiciatis quia quidem rem mollitia.
346,46,3,2024-1,3.7,3.6,3.2,2024-01-20,Exercitationem assumenda modi eligendi dignissimos.
347,46,4,2024-1,5.0,2.6,1.5,2024-01-26,Culpa error cum eaque porro veritatis corporis recusandae.
348,46,5,2024-1,1.1,2.2,3.7,2024-03-03,
349,46,6,2024-1,1.9,2.8,1.6,2024-03-07,
350,46,7,2024-1,1.5,4.2,2.7,2024-03-03,Esse aut saepe possimus dolores.
351,46,8,2024-1,2.0,1.3,3.4,2024-01-16,
352,47,1,2024-1,1.2,4.0,2.6,2024-03-10,
353,47,2,2024-1,4.1,1.6,5.0,2024-03-10,
354,47,3,2024-1,2.3,3.4,3.7,2024-02-20,
355,47,4,2024-1,4.9,3.1,2.7,2024-01-24,
356,47,5,2024-1,4.5,4.6,3.5,2024-02-21,
357,47,6,2024-1,4.8,3.7,4.1,2024-02-06,
358,47,7,2024-1,2.2,1.7,3.2,2024-01-24,
359,47,8,2024-1,3.8,4.2,4.7,2024-03-09,
360,48,2,2024-1,2.6,2.0,2.3,2024-01-23,
361,48,3,2024-1,1.4,3.9,1.8,2024-02-07,
362,48,4,2024-1,1.2,1.3,4.2,2024-02-22,
363,48,5,2024-1,2.9,4.5,2.3,2024-01-28,Provident rerum excepturi fugiat alias.
364,48,6,2024-1,1.8,4.0,4.0,2024-03-14,Dolor quos voluptatum tempora cumque.
365,48,7,2024-1,3.4,1.8,4.7,2024-02-28,
366,48,8,2024-1,2.9,3.6,2.2,2024-02-08,
367,49,1,2024-1,1.4,4.9,2.9,2024-02-13,Dignissimos cupiditate vero praesentium.
368,49,2,2024-1,2.3,1.2,4.5,2024-02-07,Eos doloremque repudiandae rerum consequuntur ipsa.
369,49,3,2024-1,4.7,3.3,2.7,2024-02-19,
370,49,4,2024-1,3.3,2.0,3.2,2024-02-08,Ratione necessitatibus ea.
371,49,5,2024-1,4.3,4.9,3.6,2024-03-03,
372,49,6,2024-1,2.4,1.6,3.2,2024-03-05,
373,49,7,2024-1,4.8,3.1,4.4,2024-02-25,
374,49,8,2024-1,4.1,2.6,4.4,2024-01-18,
375,50,1,2024-1,1.9,2.8,1.2,2024-01-15,Similique dolore voluptates repellat quam ipsam.
376,50,2,2024-1,2.9,3.0,1.0,2024-03-13,
377,50,3,2024-1,3.9,3.1,2.1,2024-02-17,
378,50,4,2024-1,4.2,4.6,1.4,2024-02-11,
379,50,5,2024-1,3.5,2.0,2.4,2024-01-27,Error suscipit aliquam aperiam.
380,50,6,2024-1,2.8,2.0,3.8,2024-02-09,
381,50,7,2024-1,3.6,4.4,4.0,2024-01-20,
382,50,8,2024-1,2.9,3.5,3.8,2024-02-19,
383,1,1,2024-2,4.1,3.3,4.4,2024-08-25,
384,1,2,2024-2,1.9,4.6,3.8,2024-07-17,
385,1,3,2024-2,1.3,4.7,4.6,2024-09-12,
386,1,4,2024-2,4.4,1.1,1.8,2024-09-12,
387,1,5,2024-2,2.6,1.3,1.6,2024-09-05,
388,1,6,2024-2,3.7,3.2,2.5,2024-08-08,Ad incidunt error cupiditate nesciunt vitae laboriosam.
389,1,7,2024-2,3.9,3.0,4.9,2024-08-28,
390,1,8,2024-2,1.3,3.4,3.5,2024-09-06,
391,2,2,2024-2,2.1,5.0,3.0,2024-08-24,
392,2,3,2024-2,1.7,3.3,2.5,2024-08-11,Alias itaque et voluptate vel.
393,2,4,2024-2,3.9,1.3,1.6,2024-07-30,Ad reprehenderit ipsa itaque sed ipsam pariatur libero.
394,2,5,2024-2,2.6,2.4,1.4,2024-08-31,Facere tenetur deserunt optio fuga nulla aspernatur.
395,2,6,2024-2,2.1,1.5,1.7,2024-09-01,
396,2,7,2024-2,1.4,1.4,3.2,2024-08-10,
397,2,8,2024-2,2.5,2.2,2.6,2024-09-08,
398,3,1,2024-2,5.0,2.0,3.1,2024-09-10,Rerum velit aliquid earum omnis.
399,3,2,2024-2,2.2,3.0,1.3,2024-08-01,
400,3,3,2024-2,4.1,2.4,4.8,2024-08-14,Inventore voluptate nam qui totam voluptatibus impedit quaerat.
401,3,4,2024-2,1.8,1.4,2.2,2024-08-23,Repellendus ex pariatur veritatis.
402,3,5,2024-2,2.5,4.4,2.8,2024-08-23,
403,3,6,2024-2,4.9,1.5,2.3,2024-08-25,Dolor porro laborum.
404,3,7,2024-2,1.7,2.6,2.3,2024-08-04,Necessitatibus doloribus rem possimus architecto.
405,3,8,2024-2,4.1,2.3,2.1,2024-08-20,Repellat voluptas aliquid quisquam doloribus.
406,4,1,2024-2,3.3,3.4,3.2,2024-09-12,Temporibus minima omnis quae deserunt incidunt officia nemo.
407,4,2,2024-2,3.9,4.8,1.8,2024-09-13,Reiciendis autem eveniet odit cumque.
408,4,3,2024-2,4.3,4.2,2.6,2024-07-19,
409,4,4,2024-2,2.0,1.6,2.7,2024-07-30,
410,4,5,2024-2,2.9,2.6,3.0,2024-08-22,Eos numquam neque.
411,4,6,2024-2,1.1,4.9,3.8,2024-08-18,Ab itaque quae soluta accusantium non.
412,4,7,2024-2,1.3,4.1,3.6,2024-09-11,
413,4,8,2024-2,3.3,3.6,3.6,2024-07-17,Libero fuga consequatur porro architecto praesentium.
414,5,1,2024-2,2.7,1.0,2.0,2024-09-03,
415,5,2,2024-2,3.8,1.9,2.5,2024-08-21,
416,5,3,2024-2,3.0,2.4,1.1,2024-08-28,
417,5,4,2024-2,1.5,4.8,1.6,2024-07-20,
418,5,5,2024-2,3.1,2.4,1.4,2024-07-28,Adipisci vel corrupti doloremque quis praesentium excepturi.
419,5,6,2024-2,2.2,4.2,1.5,2024-07-19,Dolor quaerat pariatur laborum.
420,5,7,2024-2,4.2,4.7,4.0,2024-08-27,
421,5,8,2024-2,3.2,4.8,1.9,2024-08-05,
422,6,1,2024-2,3.6,2.6,3.9,2024-08-24,Commodi cumque odit quod laudantium dolorem laudantium necessitatibus.
423,6,2,2024-2,2.6,3.8,1.8,2024-08-11,Eius porro enim non ipsam.
424,6,3,2024-2,3.3,4.2,3.1,2024-07-19,
425,6,4,2024-2,2.0,4.5,3.1,2024-07-22,Eum beatae quibusdam distinctio aspernatur commodi voluptates aut.
426,6,5,2024-2,2.6,1.5,2.4,2024-08-23,
427,6,6,2024-2,3.8,2.2,3.5,2024-08-27,
428,6,7,2024-2,2.0,1.5,2.5,2024-07-22,
429,6,8,2024-2,1.6,2.5,1.7,2024-08-22,Facilis doloribus laborum tenetur ipsum laboriosam.
430,7,1,2024-2,4.7,1.7,1.7,2024-08-25,
431,7,2,2024-2,2.8,1.2,2.4,2024-09-06,
432,7,3,2024-2,2.5,3.2,3.6,2024-09-05,
433,7,4,2024-2,4.4,3.0,1.3,2024-08-29,
434,7,5,2024-2,1.1,1.9,2.2,2024-08-02,Excepturi ducimus consectetur minima.
435,7,6,2024-2,4.1,3.2,1.5,2024-09-02,
436,7,7,2024-2,5.0,3.2,4.0,2024-09-05,Eveniet officia explicabo.
437,7,8,2024-2,5.0,1.4,4.3,2024-07-28,Minima nostrum saepe voluptate quia quae similique laborum.
438,8,1,2024-2,2.8,2.4,4.3,2024-07-17,
439,8,3,2024-2,1.8,4.0,3.8,2024-07-30,Cum dolorem ipsum.
440,8,4,2024-2,1.7,1.6,1.8,2024-08-11,
441,8,5,2024-2,3.1,3.4,1.7,2024-08-06,Aliquid explicabo aperiam eius officia.
442,8,6,2024-2,2.1,4.4,4.9,2024-08-20,Eaque delectus iusto maxime.
443,8,7,2024-2,4.1,4.7,5.0,2024-09-01,Quam veritatis laudantium ut quis unde ex.
444,8,8,2024-2,1.5,1.6,2.3,2024-09-08,
445,9,1,2024-2,3.0,3.3,2.1,2024-08-09,
446,9,2,2024-2,4.2,4.1,2.6,2024-08-24,Aliquam aut animi suscipit cum necessitatibus quasi accusantium.
447,9,3,2024-2,2.5,4.8,2.3,2024-09-09,
448,9,4,2024-2,1.4,4.9,3.5,2024-08-30,Reprehenderit pariatur quibusdam deserunt inventore optio tenetur.
449,9,5,2024-2,3.1,1.9,2.7,2024-09-03,
450,9,6,2024-2,2.1,3.2,1.5,2024-09-06,Reprehenderit laborum velit fugit dolores libero voluptatem.
451,9,7,2024-2,3.7,1.2,1.4,2024-09-10,Architecto fugit corporis numquam omnis quis.
452,9,8,2024-2,4.7,1.6,2.8,2024-07-22,Adipisci a iusto quos quis nostrum aperiam.
453,10,1,2024-2,4.6,4.5,2.2,2024-08-28,Aliquam soluta aut.
454,10,2,2024-2,3.6,2.0,2.5,2024-07-20,Quisquam quibusdam voluptate enim impedit.
455,10,3,2024-2,3.5,3.9,4.0,2024-08-09,
456,10,4,2024-2,1.0,2.9,1.5,2024-07-21,
457,10,5,2024-2,1.0,2.4,1.5,2024-07-15,Aspernatur modi consectetur deleniti sequi error voluptatem.
458,10,6,2024-2,1.3,2.5,3.9,2024-08-14,
459,10,7,2024-2,2.2,2.5,4.3,2024-09-09,Iste natus dolores eum quia.
460,10,8,2024-2,1.6,3.1,1.0,2024-08-27,Veritatis nihil natus placeat doloremque.
461,11,1,2024-2,1.9,4.0,4.7,2024-08-30,Voluptates dolor repellat reiciendis architecto nam consectetur.
462,11,2,2024-2,1.3,1.4,4.0,2024-07-28,
463,11,3,2024-2,2.3,1.6,2.1,2024-08-11,
464,11,4,2024-2,3.9,2.1,4.8,2024-08-22,
465,11,5,2024-2,2.2,3.1,3.0,2024-09-09,Ratione voluptatum dolores repudiandae deleniti culpa quia.
466,11,6,2024-2,4.1,4.2,2.0,2024-07-18,
467,11,7,2024-2,3.4,3.1,4.9,2024-08-24,Error iste repellendus illum.
468,11,8,2024-2,2.5,4.4,2.7,2024-07-23,
469,12,1,2024-2,4.8,4.1,1.1,2024-08-14,
470,12,2,2024-2,4.7,4.8,2.6,2024-07-17,
471,12,3,2024-2,2.7,3.8,1.3,2024-09-02,
472,12,4,2024-2,1.3,1.3,4.7,2024-08-01,Maxime ratione in occaecati maiores exercitationem totam.
473,12,5,2024-2,2.6,3.5,4.3,2024-08-04,Aspernatur ut soluta eius error consequatur commodi ipsum.
474,12,6,2024-2,2.7,4.8,2.0,2024-08-28,
475,12,7,2024-2,2.8,3.4,2.2,2024-07-22,Earum culpa soluta fuga quod error.
476,12,8,2024-2,1.1,1.5,1.0,2024-07-22,
477,13,1,2024-2,4.1,3.9,1.7,2024-08-17,
478,13,2,2024-2,3.9,1.5,4.6,2024-08-01,
479,13,3,2024-2,1.3,3.8,3.3,2024-08-17,
480,13,4,2024-2,1.2,4.4,1.7,2024-08-07,
481,13,5,2024-2,3.3,3.9,1.9,2024-09-10,
482,13,6,2024-2,1.0,1.2,2.5,2024-09-08,Dolorem quidem beatae ullam.
483,13,7,2024-2,1.1,4.2,3.9,2024-09-07,Iure velit occaecati eligendi blanditiis.
484,13,8,2024-2,2.7,3.9,2.1,2024-07-30,
485,14,1,2024-2,3.7,1.2,1.9,2024-08-16,
486,14,2,2024-2,1.3,2.9,2.1,2024-08-09,Doloremque fugiat aspernatur itaque.
487,14,3,2024-2,2.8,2.5,2.2,2024-08-19,Ut quia exercitationem reiciendis dolor perspiciatis.
488,14,4,2024-2,2.9,3.4,3.0,2024-07-30,Laborum voluptates molestiae iure.
489,14,5,2024-2,3.2,4.2,1.6,2024-09-10,Dignissimos sapiente explicabo eius officiis temporibus.
490,14,6,2024-2,2.4,4.4,4.5,2024-08-18,Vero eos placeat dolorum.
491,14,7,2024-2,2.5,4.0,2.2,2024-08-26,
492,15,1,2024-2,4.9,1.6,2.1,2024-07-18,
493,15,2,2024-2,3.1,3.8,2.5,2024-09-07,Iure in dolorem tenetur quibusdam autem.
494,15,3,2024-2,3.0,3.5,2.6,2024-07-21,
495,15,4,2024-2,4.9,1.9,2.0,2024-08-26,
496,15,5,2024-2,4.3,2.3,2.8,2024-08-28,
497,15,6,2024-2,4.1,3.3,1.6,2024-07-23,
498,15,7,2024-2,1.5,2.4,4.1,2024-08-10,
499,15,8,2024-2,1.5,1.6,3.7,2024-09-07,Alias suscipit praesentium ut cum.
500,16,1,2024-2,1.9,4.4,1.6,2024-07-17,Inventore voluptate magnam aspernatur iste dolor iure accusamus.
501,16,3,2024-2,3.7,2.0,5.0,2024-07-18,
502,16,4,2024-2,3.2,3.2,1.4,2024-08-12,
503,16,5,2024-2,1.0,4.3,4.9,2024-07-22,
504,16,6,2024-2,3.7,4.8,1.3,2024-08-07,
505,16,7,2024-2,1.1,1.3,4.6,2024-07-19,
506,16,8,2024-2,4.4,4.2,1.5,2024-09-10,Repudiandae possimus doloremque cupiditate.
507,17,1,2024-2,3.3,4.3,2.6,2024-09-12,
508,17,2,2024-2,2.4,4.6,2.1,2024-07-26,
509,17,3,2024-2,3.5,2.0,2.2,2024-08-23,
510,17,4,2024-2,1.4,2.5,2.7,2024-07-18,Illo possimus impedit eos quasi officia.
511,17,5,2024-2,3.5,4.2,4.2,2024-07-30,Reiciendis fugit natus quod.
512,17,6,2024-2,2.9,4.1,2.4,2024-08-06,
513,17,7,2024-2,1.7,2.3,1.9,2024-08-01,Ipsum blanditiis laudantium harum.
514,17,8,2024-2,4.2,2.9,2.4,2024-07-18,
515,18,1,2024-2,1.4,3.6,2.1,2024-07-25,Libero dignissimos vitae.
516,18,2,2024-2,4.1,4.8,3.3,2024-07-18,Sed dicta sed quam reprehenderit.
517,18,3,2024-2,4.4,4.4,1.7,2024-09-12,
518,18,4,2024-2,2.4,3.4,3.8,2024-08-28,
519,18,5,2024-2,3.3,1.8,5.0,2024-07-24,Dolores occaecati saepe porro eos saepe aliquid.
520,18,6,2024-2,1.7,1.2,1.2,2024-08-03,Aliquam totam voluptatum veniam explicabo veniam maiores.
521,18,7,2024-2,1.0,4.7,1.8,2024-08-14,
522,18,8,2024-2,4.2,4.5,1.2,2024-09-11,
523,19,1,2024-2,4.1,4.4,4.4,2024-07-24,Repellat nisi modi ea nostrum quas hic.
524,19,2,2024-2,3.6,3.3,2.3,2024-09-13,
525,19,4,2024-2,4.2,4.8,3.6,2024-08-11,
526,19,6,2024-2,3.5,2.4,3.7,2024-09-12,Quibusdam voluptatem distinctio.
527,19,7,2024-2,3.8,1.5,3.9,2024-08-30,Dignissimos perferendis cumque voluptatibus earum exercitationem alias.
528,19,8,2024-2,4.4,4.1,3.3,2024-08-09,
529,20,1,2024-2,4.9,1.9,3.3,2024-09-04,Impedit enim laborum.
530,20,2,2024-2,1.3,2.4,2.3,2024-08-31,Nisi saepe porro at neque.
531,20,4,2024-2,3.6,4.5,2.8,2024-08-26,
532,20,5,2024-2,2.4,4.1,3.9,2024-07-19,
533,20,6,2024-2,4.9,4.5,3.0,2024-08-10,
534,20,7,2024-2,4.3,4.2,3.3,2024-07-21,Itaque magni rerum blanditiis velit explicabo.
535,20,8,2024-2,1.3,4.4,2.2,2024-08-12,
536,21,2,2024-2,4.6,1.6,1.3,2024-07-25,Ex quos beatae provident aliquid excepturi quae.
537,21,4,2024-2,4.6,3.8,2.7,2024-08-23,Laboriosam repellendus tempora suscipit nostrum excepturi fugiat.
538,21,5,2024-2,1.6,1.4,1.8,2024-08-11,
539,21,6,2024-2,4.7,3.2,3.6,2024-08-30,
540,21,7,2024-2,3.3,4.4,1.6,2024-08-09,
541,21,8,2024-2,4.3,3.5,2.9,2024-08-02,
542,22,1,2024-2,2.2,1.3,4.4,2024-08-24,
543,22,2,2024-2,4.6,2.1,3.6,2024-08-15,
544,22,3,2024-2,2.5,2.8,2.1,2024-08-08,
545,22,4,2024-2,3.3,1.6,3.8,2024-08-01,
546,22,5,2024-2,3.2,4.9,3.4,2024-09-04,
547,22,6,2024-2,3.1,4.9,3.7,2024-09-05,Doloribus corporis blanditiis nulla eligendi.
548,22,7,2024-2,2.9,1.3,4.6,2024-07-30,Nihil non neque neque nostrum.
549,22,8,2024-2,3.1,3.3,4.9,2024-09-10,
550,23,1,2024-2,1.7,4.9,4.9,2024-08-12,Hic unde quaerat voluptate.
551,23,2,2024-2,1.3,3.7,1.8,2024-08-11,Eos animi delectus eaque minus maiores.
552,23,3,2024-2,2.0,4.6,4.7,2024-08-22,
553,23,4,2024-2,3.2,4.4,3.1,2024-08-09,Natus debitis magnam reiciendis quaerat.
554,23,5,2024-2,3.5,3.1,2.7,2024-08-28,
555,23,6,2024-2,3.3,4.9,1.4,2024-08-21,
556,23,7,2024-2,2.1,3.1,2.4,2024-09-03,
557,23,8,2024-2,3.3,2.9,1.7,2024-08-15,
558,24,1,2024-2,3.8,1.2,4.6,2024-08-27,
559,24,2,2024-2,2.9,2.1,2.5,2024-08-31,
560,24,3,2024-2,2.1,3.0,3.8,2024-08-03,
561,24,4,2024-2,2.2,4.0,4.1,2024-07-23,
562,24,5,2024-2,3.6,1.8,1.8,2024-08-22,Cumque ab in iste.
563,24,6,2024-2,3.1,2.5,1.2,2024-09-01,Optio et dignissimos iusto sit.
564,24,7,2024-2,3.0,1.5,4.4,2024-08-29,Nemo corporis saepe aliquid optio nesciunt a dolores.
565,24,8,2024-2,4.5,1.8,1.2,2024-07-27,
566,25,1,2024-2,3.8,2.1,4.3,2024-08-07,
567,25,2,2024-2,3.7,2.0,3.0,2024-07-22,
568,25,4,2024-2,2.4,1.7,4.6,2024-08-19,Rem corporis reiciendis.
569,25,5,2024-2,1.1,1.2,4.4,2024-08-02,Dolores nobis incidunt alias aspernatur recusandae labore.
570,25,6,2024-2,3.6,3.7,2.1,2024-07-29,
571,25,7,2024-2,4.9,3.7,2.9,2024-09-02,
572,25,8,2024-2,1.0,2.0,4.2,2024-09-04,
573,26,2,2024-2,4.6,4.4,2.8,2024-08-11,
574,26,3,2024-2,4.3,2.6,1.4,2024-08-17,
575,26,4,2024-2,4.4,3.2,3.4,2024-09-06,
576,26,5,2024-2,1.3,5.0,3.6,2024-08-14,Tempora autem veritatis suscipit provident assumenda.
577,26,6,2024-2,4.8,3.6,1.8,2024-08-29,
578,26,7,2024-2,4.2,4.2,3.4,2024-07-18,Aut temporibus temporibus quis.
579,26,8,2024-2,1.1,3.0,2.2,2024-08-30,Occaecati odit praesentium ullam repellat enim.
580,27,1,2024-2,1.1,3.8,3.3,2024-08-31,
581,27,2,2024-2,3.7,3.6,2.9,2024-07-29,Minus impedit ea sequi.
582,27,3,2024-2,4.4,4.4,4.5,2024-08-03,
583,27,4,2024-2,4.0,3.9,3.2,2024-07-23,Natus ad quos facilis vel quod.
584,27,5,2024-2,2.3,1.4,2.4,2024-09-10,Ex corrupti assumenda molestias a magnam laudantium.
585,27,6,2024-2,4.5,2.5,3.3,2024-09-03,
586,27,7,2024-2,4.5,3.3,4.8,2024-07-18,
587,27,8,2024-2,1.5,3.7,3.1,2024-08-16,
588,28,1,2024-2,1.5,1.8,2.6,2024-07-24,
589,28,2,2024-2,1.6,4.4,1.7,2024-08-13,
590,28,3,2024-2,2.3,1.2,2.8,2024-07-26,
591,28,4,2024-2,4.1,3.0,4.1,2024-08-20,
592,28,5,2024-2,2.7,2.7,2.9,2024-08-24,
593,28,6,2024-2,2.5,1.1,2.3,2024-08-30,Iure explicabo perferendis ullam nostrum a nihil.
594,28,7,2024-2,1.0,3.9,1.9,2024-08-27,Saepe harum consequatur laudantium.
595,28,8,2024-2,2.5,3.4,1.7,2024-07-21,Eveniet nulla a beatae totam.
596,29,1,2024-2,2.8,3.1,3.1,2024-08-02,
597,29,2,2024-2,2.4,4.6,2.4,2024-07-23,
598,29,3,2024-2,4.2,1.1,1.9,2024-09-11,Consectetur earum officiis ipsum cumque.
599,29,4,2024-2,3.4,1.7,2.5,2024-07-16,Eveniet reiciendis harum sed corporis.
600,29,5,2024-2,3.6,4.1,3.5,2024-09-09,
601,29,6,2024-2,3.6,1.1,3.8,2024-07-21,
602,29,7,2024-2,2.0,3.8,1.8,2024-08-19,Architecto aliquam rerum rem sed.
603,29,8,2024-2,3.6,3.6,2.1,2024-08-10,Repellendus quae nesciunt vero possimus molestiae.
604,30,1,2024-2,4.6,3.0,3.5,2024-09-06,
605,30,2,2024-2,1.8,1.8,2.1,2024-08-15,
606,30,3,2024-2,2.6,1.6,3.2,2024-08-29,Inventore sed sequi quas impedit distinctio sit.
607,30,4,2024-2,2.3,1.0,3.7,2024-08-14,Odit repellat maiores non.
608,30,5,2024-2,3.0,4.8,4.1,2024-08-26,
609,30,6,2024-2,2.0,1.9,5.0,2024-09-10,
610,30,7,2024-2,4.3,4.5,4.4,2024-07-21,
611,30,8,2024-2,4.0,1.4,4.0,2024-08-11,
612,31,1,2024-2,3.6,2.3,4.6,2024-08-26,Magni suscipit facilis similique voluptatibus.
613,31,2,2024-2,1.4,4.3,1.7,2024-08-30,
614,31,4,2024-2,3.8,2.9,2.7,2024-08-08,Repellendus cumque quos aliquid possimus nulla eveniet.
615,31,5,2024-2,3.8,1.2,4.8,2024-07-23,
616,31,6,2024-2,2.9,3.3,2.8,2024-08-21,Consectetur perspiciatis at expedita molestias veritatis asperiores.
617,31,7,2024-2,1.1,3.7,4.4,2024-08-23,Non placeat tenetur nesciunt quam.
618,31,8,2024-2,3.0,4.6,2.8,2024-09-11,
619,32,1,2024-2,3.8,3.7,4.1,2024-07-15,
620,32,2,2024-2,4.5,3.1,3.8,2024-08-26,Eligendi omnis sapiente.
621,32,3,2024-2,2.0,2.4,3.7,2024-08-30,
622,32,4,2024-2,4.6,3.5,1.0,2024-08-19,At hic eius at.
623,32,5,2024-2,4.4,4.5,1.3,2024-08-14,
624,32,6,2024-2,1.2,1.9,3.6,2024-08-01,
625,32,7,2024-2,2.8,3.3,1.4,2024-08-13,
626,32,8,2024-2,4.0,1.1,2.6,2024-08-15,
627,33,1,2024-2,1.4,3.4,3.5,2024-09-05,
628,33,2,2024-2,3.6,2.8,2.4,2024-07-28,Earum voluptate natus occaecati molestias commodi hic accusantium.
629,33,3,2024-2,2.8,3.2,3.5,2024-09-07,
630,33,4,2024-2,2.8,1.4,3.6,2024-08-29,
631,33,5,2024-2,4.9,2.2,3.1,2024-08-24,Qui quo eum quo voluptatem quaerat suscipit repellat.
632,33,6,2024-2,3.0,4.3,4.0,2024-07-25,
633,33,7,2024-2,1.8,4.7,2.6,2024-07-27,
634,33,8,2024-2,2.4,4.0,1.2,2024-08-29,Necessitatibus quas officia beatae iure suscipit odit.
635,34,1,2024-2,4.1,2.8,3.6,2024-07-22,Consectetur nihil ratione praesentium quos.
636,34,2,2024-2,1.0,3.9,3.2,2024-08-15,
637,34,3,2024-2,3.0,4.7,1.7,2024-09-12,
638,34,4,2024-2,1.4,3.6,3.4,2024-07-23,
639,34,5,2024-2,4.9,4.7,4.0,2024-08-10,
640,34,8,2024-2,1.6,3.4,4.5,2024-07-23,
641,35,1,2024-2,4.4,3.8,4.7,2024-08-19,Dolorum sapiente eveniet consectetur animi alias.
642,35,2,2024-2,3.9,3.7,4.7,2024-08-23,
643,35,3,2024-2,3.0,3.8,2.3,2024-07-26,
644,35,4,2024-2,3.3,4.8,3.8,2024-08-14,Ipsam accusamus saepe facilis.
645,35,5,2024-2,2.1,4.4,4.2,2024-08-18,
646,35,6,2024-2,1.2,1.2,2.1,2024-07-24,Consequuntur consectetur id saepe molestiae adipisci eligendi.
647,35,8,2024-2,4.4,3.8,2.2,2024-07-24,Nisi culpa officiis nostrum sequi aspernatur facilis veritatis.
648,36,1,2024-2,2.8,3.5,3.7,2024-09-05,
649,36,2,2024-2,3.2,2.0,4.1,2024-08-25,Dolorum minus accusamus consectetur eum.
650,36,3,2024-2,1.2,2.5,2.7,2024-08-26,Dicta necessitatibus consequatur culpa.
651,36,4,2024-2,1.2,4.0,1.8,2024-08-19,Voluptas molestiae numquam reiciendis.
652,36,5,2024-2,4.3,4.6,3.8,2024-08-12,Adipisci suscipit esse.
653,36,6,2024-2,4.0,1.8,3.9,2024-08-18,
654,36,7,2024-2,1.3,4.8,3.9,2024-08-27,
655,36,8,2024-2,3.2,1.5,3.3,2024-08-01,
656,37,1,2024-2,4.7,1.2,4.7,2024-08-29,
657,37,2,2024-2,3.5,3.6,3.0,2024-08-24,
658,37,3,2024-2,3.8,3.1,4.8,2024-09-03,
659,37,4,2024-2,2.7,3.1,1.4,2024-07-25,
660,37,5,2024-2,2.3,2.2,4.8,2024-08-05,Quaerat ea cumque atque veniam.
661,37,6,2024-2,4.3,4.9,1.0,2024-08-19,Cumque cupiditate sed est laboriosam sunt deserunt.
662,37,7,2024-2,3.6,4.7,2.0,2024-09-10,
663,37,8,2024-2,4.7,4.8,2.5,2024-08-08,
664,38,1,2024-2,3.1,4.1,3.1,2024-09-11,
665,38,2,2024-2,4.6,1.8,3.1,2024-08-02,Odit velit nulla voluptas modi illo similique.
666,38,3,2024-2,3.2,1.0,1.3,2024-09-02,Qui quisquam sunt odit natus.
667,38,4,2024-2,3.7,4.3,1.8,2024-09-08,Suscipit doloremque dignissimos debitis.
668,38,5,2024-2,4.1,3.6,4.8,2024-08-31,Facilis harum distinctio explicabo voluptatibus ducimus.
669,38,6,2024-2,3.9,1.2,1.3,2024-08-13,
670,38,7,2024-2,3.3,1.9,2.0,2024-07-19,
671,38,8,2024-2,2.3,2.6,1.5,2024-08-11,
672,39,1,2024-2,4.0,3.3,3.8,2024-07-19,
673,39,2,2024-2,2.2,3.7,3.4,2024-07-21,
674,39,3,2024-2,2.6,3.6,2.9,2024-08-08,
675,39,4,2024-2,4.2,4.4,2.2,2024-08-09,Veritatis architecto reprehenderit beatae sit optio provident fuga.
676,39,5,2024-2,4.7,4.2,3.9,2024-09-09,
677,39,6,2024-2,4.5,1.6,1.2,2024-08-19,
678,39,7,2024-2,4.8,2.2,4.0,2024-08-19,Eum atque explicabo maxime praesentium.
679,39,8,2024-2,4.6,4.4,1.6,2024-08-10,
680,40,1,2024-2,1.8,1.7,4.2,2024-07-31,Quisquam fugit incidunt labore praesentium ad iure.
681,40,2,2024-2,5.0,3.2,3.6,2024-09-12,
682,40,3,2024-2,1.4,3.9,2.9,2024-07-31,
683,40,4,2024-2,1.9,2.1,1.3,2024-08-25,
684,40,5,2024-2,3.5,2.2,3.3,2024-08-05,
685,40,6,2024-2,4.8,1.7,2.3,2024-08-04,Suscipit pariatur ipsam itaque doloribus velit.
686,40,7,2024-2,2.7,4.4,1.5,2024-08-25,Eum reprehenderit eveniet ipsum magni quis itaque.
687,40,8,2024-2,2.8,4.1,2.9,2024-08-13,
688,41,1,2024-2,4.4,4.4,1.6,2024-07-20,
689,41,2,2024-2,3.5,3.9,4.6,2024-09-09,Magnam aliquid facilis reprehenderit qui.
690,41,3,2024-2,3.3,2.6,3.4,2024-09-05,Necessitatibus distinctio numquam fugit.
691,41,4,2024-2,4.6,3.2,3.6,2024-08-18,
692,41,5,2024-2,4.1,3.9,2.2,2024-09-10,
693,41,6,2024-2,2.5,1.0,2.0,2024-08-09,Odio assumenda quasi qui magni.
694,41,8,2024-2,3.1,2.8,1.7,2024-09-01,Ipsa quia sint quia laborum tempora ducimus.
695,42,1,2024-2,3.9,2.9,2.4,2024-07-24,
696,42,2,2024-2,2.1,1.9,3.7,2024-07-19,
697,42,3,2024-2,2.9,2.8,1.2,2024-08-08,Cupiditate laboriosam delectus repellendus fuga.
698,42,4,2024-2,4.9,3.5,2.1,2024-08-29,Nesciunt laborum molestias esse tenetur iure repudiandae.
699,42,5,2024-2,1.7,3.6,2.5,2024-08-20,Voluptates maxime nulla aliquam soluta voluptas.
700,42,6,2024-2,2.0,4.9,1.9,2024-08-17,
701,42,7,2024-2,2.9,2.9,3.4,2024-08-06,
702,42,8,2024-2,1.9,3.1,2.1,2024-07-25,
703,43,1,2024-2,3.9,1.5,1.9,2024-08-22,Placeat deserunt eaque labore magnam.
704,43,2,2024-2,3.7,2.9,3.4,2024-08-14,Expedita inventore blanditiis odio.
705,43,3,2024-2,1.2,3.3,1.6,2024-07-30,Quasi alias harum illo fugiat fugiat tempora.
706,43,4,2024-2,1.6,1.7,4.7,2024-08-20,
707,43,5,2024-2,3.6,4.5,3.9,2024-08-20,Voluptatibus veritatis sed facere ea.
708,43,6,2024-2,2.8,5.0,4.5,2024-07-28,
709,43,7,2024-2,1.6,3.3,4.1,2024-08-22,Architecto accusamus quasi exercitationem voluptas dolorum.
710,43,8,2024-2,3.9,2.4,2.8,2024-07-25,
711,44,1,2024-2,1.5,1.1,3.1,2024-08-08,Quos aut error natus itaque possimus quam.
712,44,2,2024-2,1.6,1.4,2.9,2024-09-05,Expedita optio accusamus veritatis expedita repellat modi.
713,44,3,2024-2,3.1,4.0,1.4,2024-09-03,Inventore magnam sapiente sunt cupiditate.
714,44,4,2024-2,4.3,4.6,4.1,2024-08-18,Provident minima libero provident facilis maxime ad similique.
715,44,5,2024-2,4.5,3.8,2.7,2024-08-07,Quis ratione sapiente quasi facere.
716,44,6,2024-2,2.5,3.4,4.0,2024-09-02,Iste ullam nostrum.
717,44,7,2024-2,2.7,2.0,4.1,2024-07-21,Quasi magnam quam modi ullam tempora vel.
718,44,8,2024-2,4.5,2.6,1.8,2024-08-22,Doloremque nobis similique magni rem numquam autem.
719,45,1,2024-2,3.1,3.1,2.5,2024-08-20,
720,45,2,2024-2,2.4,1.6,3.6,2024-08-10,
721,45,3,2024-2,3.3,3.4,5.0,2024-08-11,
722,45,4,2024-2,4.1,2.9,2.5,2024-08-19,
723,45,5,2024-2,3.3,4.1,2.6,2024-08-03,
724,45,6,2024-2,4.0,2.8,3.8,2024-07-22,
725,45,7,2024-2,4.1,4.2,3.5,2024-08-09,Quos quia nesciunt officiis aliquid.
726,45,8,2024-2,4.9,1.0,1.4,2024-08-08,
727,46,1,2024-2,1.4,2.1,2.5,2024-08-11,Laboriosam adipisci cum totam voluptates.
728,46,2,2024-2,4.9,3.5,3.1,2024-09-12,Sit enim praesentium necessitatibus doloribus veritatis exercitationem.
729,46,3,2024-2,4.1,1.7,3.0,2024-09-13,
730,46,4,2024-2,4.2,2.1,1.1,2024-09-12,
731,46,5,2024-2,3.5,3.7,2.4,2024-07-29,Blanditiis nihil quis illo harum earum.
732,46,7,2024-2,4.1,2.4,2.6,2024-08-01,
733,46,8,2024-2,3.8,4.7,3.2,2024-08-31,Dolorem illo tempora.
734,47,1,2024-2,2.4,4.9,2.1,2024-08-21,Possimus iure tenetur voluptates quisquam rerum.
735,47,2,2024-2,2.6,1.0,1.7,2024-09-12,
736,47,3,2024-2,2.2,4.8,4.2,2024-08-16,Iure quas esse ipsum consequuntur minima nobis.
737,47,4,2024-2,4.2,2.0,2.8,2024-09-05,
738,47,5,2024-2,4.0,4.8,2.8,2024-07-30,
739,47,6,2024-2,2.9,2.0,2.5,2024-07-16,Autem reiciendis mollitia cum totam.
740,47,7,2024-2,1.9,2.3,4.8,2024-08-28,
741,47,8,2024-2,2.1,2.1,2.6,2024-09-06,Aliquam soluta quo earum possimus illo quis.
742,48,1,2024-2,4.7,2.9,2.4,2024-08-19,Earum repellat dolore provident optio perferendis voluptatum.
743,48,2,2024-2,4.0,4.7,1.8,2024-09-13,Error est blanditiis tempore natus.
744,48,3,2024-2,4.5,1.8,1.8,2024-07-30,
745,48,4,2024-2,4.1,1.5,1.3,2024-07-24,Officia tempore architecto et minima ab delectus.
746,48,5,2024-2,4.1,3.2,1.2,2024-07-15,
747,48,6,2024-2,4.6,4.5,3.3,2024-08-15,
748,48,7,2024-2,4.7,2.1,1.9,2024-09-01,
749,48,8,2024-2,2.7,4.8,1.1,2024-09-04,
750,49,1,2024-2,1.7,4.9,3.8,2024-09-02,
751,49,2,2024-2,3.7,2.5,1.4,2024-07-15,
752,49,3,2024-2,3.2,1.9,2.9,2024-07-26,Saepe ab animi optio quibusdam asperiores quas.
753,49,4,2024-2,2.7,2.7,4.0,2024-08-15,
754,49,5,2024-2,1.7,1.5,3.3,2024-08-12,
755,49,6,2024-2,4.2,3.2,4.4,2024-08-01,
756,49,7,2024-2,1.6,4.2,1.7,2024-08-31,
757,50,1,2024-2,3.1,2.3,2.9,2024-08-17,
758,50,2,2024-2,2.6,3.8,1.2,2024-07-18,Officia numquam molestiae expedita cupiditate praesentium.
759,50,3,2024-2,1.4,4.0,2.0,2024-08-24,
760,50,4,2024-2,2.0,1.1,1.5,2024-09-04,Dignissimos quaerat id dolores doloribus.
761,50,6,2024-2,3.6,3.2,4.9,2024-08-20,
762,50,7,2024-2,2.9,3.9,4.6,2024-08-16,
763,50,8,2024-2,4.8,4.5,3.6,2024-08-24,Ipsa ipsum iste facere dolor.
764,1,1,2025-1,3.3,4.4,1.3,2025-02-23,
765,1,2,2025-1,3.6,3.8,3.4,2025-02-04,
766,1,3,2025-1,4.5,2.5,3.3,2025-03-05,Repellendus commodi sit inventore nostrum suscipit.
767,1,4,2025-1,4.4,1.5,1.9,2025-01-26,
768,1,5,2025-1,1.3,1.7,1.4,2025-03-03,
769,1,6,2025-1,1.2,4.1,3.1,2025-02-19,Voluptatum necessitatibus placeat voluptatum molestiae aperiam nulla.
770,1,7,2025-1,1.6,3.6,4.5,2025-02-23,
771,1,8,2025-1,2.8,1.5,3.1,2025-02-02,
772,2,1,2025-1,4.4,2.3,2.9,2025-02-06,Ex culpa itaque dignissimos reiciendis.
773,2,2,2025-1,3.2,1.5,4.8,2025-02-01,
774,2,3,2025-1,3.5,3.5,3.3,2025-02-13,
775,2,4,2025-1,4.6,2.9,1.9,2025-02-03,
776,2,5,2025-1,2.0,2.2,1.0,2025-02-10,Natus voluptatum omnis quibusdam ipsa possimus enim.
777,2,6,2025-1,2.1,3.1,3.8,2025-02-06,
778,2,7,2025-1,1.0,2.7,2.2,2025-02-03,
779,2,8,2025-1,1.8,4.5,2.7,2025-02-07,
780,3,1,2025-1,2.6,2.5,2.1,2025-02-25,
781,3,2,2025-1,4.2,3.5,3.8,2025-03-04,
782,3,3,2025-1,4.2,2.7,4.4,2025-02-18,
783,3,4,2025-1,2.8,2.8,3.8,2025-02-24,
784,3,5,2025-1,1.2,3.1,1.7,2025-01-24,
785,3,6,2025-1,2.8,1.0,1.4,2025-03-01,
786,3,7,2025-1,2.2,4.2,5.0,2025-02-10,
787,3,8,2025-1,1.3,4.0,1.6,2025-02-05,
788,4,1,2025-1,2.9,1.8,4.4,2025-02-18,Ullam reprehenderit tempora aspernatur.
789,4,2,2025-1,4.9,3.9,2.5,2025-01-22,Dolorem minima voluptatibus officia dolorem enim.
790,4,3,2025-1,1.8,3.9,1.4,2025-01-17,Placeat quisquam harum ut ut occaecati.
791,4,4,2025-1,3.7,2.2,2.3,2025-02-08,In molestiae eos odio itaque.
792,4,5,2025-1,3.2,1.5,2.9,2025-03-15,
793,4,6,2025-1,4.5,1.9,1.5,2025-01-18,Dignissimos adipisci fuga.
794,4,7,2025-1,4.2,3.3,2.6,2025-01-25,
795,5,1,2025-1,2.9,3.4,2.5,2025-02-28,
796,5,2,2025-1,3.7,2.4,4.9,2025-01-20,Iure dicta ratione maxime sunt.
797,5,3,2025-1,3.6,3.8,4.2,2025-02-06,
798,5,4,2025-1,4.2,4.0,4.2,2025-02-19,
799,5,5,2025-1,2.5,3.9,2.0,2025-02-28,
800,5,6,2025-1,2.2,3.8,1.8,2025-02-19,
801,5,7,2025-1,2.9,4.5,3.4,2025-03-02,Rem nostrum autem aliquam excepturi illum cum dolor.
802,5,8,2025-1,1.6,2.2,2.1,2025-02-17,
803,6,1,2025-1,3.0,3.9,4.5,2025-02-24,Eaque expedita vero quos ex error est.
804,6,2,2025-1,2.0,3.9,3.6,2025-02-23,
805,6,3,2025-1,3.7,4.1,1.6,2025-02-17,
806,6,4,2025-1,1.4,3.1,1.3,2025-02-04,Maiores tempora maiores dolore assumenda non.
807,6,5,2025-1,1.1,1.4,1.8,2025-03-11,
808,6,6,2025-1,3.6,3.1,3.8,2025-02-08,
809,6,7,2025-1,3.9,1.1,4.7,2025-02-22,Corrupti quia illo officia.
810,6,8,2025-1,1.3,4.2,1.2,2025-03-09,
811,7,1,2025-1,4.3,4.2,1.2,2025-02-10,Architecto est sapiente ipsa omnis.
812,7,2,2025-1,1.3,2.2,4.8,2025-03-02,Quas tempore velit excepturi earum.
813,7,3,2025-1,1.9,2.5,1.8,2025-03-02,Dicta quasi aliquam quasi fugit sint libero vitae.
814,7,4,2025-1,1.7,4.0,2.7,2025-03-16,
815,7,5,2025-1,3.7,3.8,2.7,2025-02-06,
816,7,6,2025-1,2.6,2.4,1.6,2025-02-19,Nemo dolore sequi.
817,7,7,2025-1,4.6,3.2,5.0,2025-02-06,Cupiditate tenetur quaerat facilis numquam fugiat.
818,7,8,2025-1,2.7,3.9,3.4,2025-02-24,
819,8,1,2025-1,3.2,4.0,2.4,2025-03-05,
820,8,3,2025-1,4.9,3.4,3.1,2025-01-17,Nesciunt est aliquid in ab.
821,8,4,2025-1,4.9,1.9,2.3,2025-02-03,Harum alias numquam cupiditate magnam.
822,8,5,2025-1,2.1,3.2,3.2,2025-03-08,Quam fugit modi vero natus nobis.
823,8,6,2025-1,2.8,1.6,2.1,2025-01-17,Rerum architecto mollitia hic.
824,8,7,2025-1,4.2,1.4,2.6,2025-01-31,Dicta doloremque minus laudantium a repellendus iusto.
825,8,8,2025-1,2.3,2.9,3.0,2025-03-02,Aliquid soluta quibusdam illum.
826,9,1,2025-1,4.6,3.4,2.2,2025-03-08,Aliquid earum consequatur officiis nostrum ea.
827,9,2,2025-1,4.1,4.7,2.3,2025-01-20,Eveniet eos doloribus amet distinctio delectus adipisci.
828,9,3,2025-1,4.5,4.5,1.9,2025-03-15,Deserunt a provident minus eaque.
829,9,4,2025-1,3.5,3.5,1.2,2025-01-15,
830,9,5,2025-1,1.6,3.0,1.9,2025-02-20,
831,9,6,2025-1,4.9,4.0,3.3,2025-02-09,
832,9,7,2025-1,2.6,1.5,1.3,2025-03-06,
833,9,8,2025-1,2.1,2.6,2.7,2025-02-09,Minima quisquam quos dicta non officiis quia quisquam.
834,10,1,2025-1,3.2,3.0,3.6,2025-02-14,
835,10,2,2025-1,3.1,2.0,2.1,2025-03-03,
836,10,3,2025-1,1.4,3.7,2.7,2025-02-20,
837,10,4,2025-1,3.6,4.1,1.7,2025-02-22,
838,10,5,2025-1,2.8,1.6,1.2,2025-03-07,Laudantium officia debitis recusandae tempora.
839,10,6,2025-1,1.6,3.9,1.3,2025-02-07,Tempora rerum dolores quod ipsam fugiat voluptates deleniti.
840,10,7,2025-1,4.7,4.5,4.3,2025-02-23,
841,10,8,2025-1,2.2,2.9,2.3,2025-01-22,Voluptate suscipit blanditiis nihil laudantium omnis rem.
842,11,1,2025-1,3.1,2.0,2.9,2025-02-18,Eligendi ducimus totam nam ex.
843,11,2,2025-1,3.7,2.5,4.6,2025-02-28,
844,11,3,2025-1,2.1,4.2,3.5,2025-01-18,
845,11,4,2025-1,1.3,3.6,3.7,2025-01-15,Explicabo porro quisquam minus.
846,11,5,2025-1,1.1,4.5,3.6,2025-01-21,
847,11,6,2025-1,1.4,2.3,4.5,2025-03-01,
848,11,7,2025-1,4.9,3.2,3.8,2025-02-16,
849,11,8,2025-1,2.3,2.6,1.6,2025-02-03,
850,12,1,2025-1,2.2,5.0,4.9,2025-02-24,
851,12,2,2025-1,4.5,4.6,4.3,2025-01-31,
852,12,3,2025-1,1.9,2.4,2.6,2025-02-01,
853,12,4,2025-1,4.8,3.4,3.5,2025-02-17,
854,12,5,2025-1,2.7,2.2,3.4,2025-01-24,
855,12,6,2025-1,1.6,3.2,4.2,2025-02-25,Tempore hic ea.
856,12,7,2025-1,4.6,4.6,2.7,2025-03-01,Quos numquam amet fugit.
857,12,8,2025-1,4.7,4.7,2.3,2025-02-25,
858,13,1,2025-1,1.7,4.4,1.6,2025-01-22,
859,13,2,2025-1,4.8,2.2,4.0,2025-02-10,Aut officiis veniam neque nemo unde placeat occaecati.
860,13,3,2025-1,2.1,4.1,1.4,2025-03-03,
861,13,4,2025-1,3.5,3.4,3.4,2025-02-23,
862,13,5,2025-1,2.4,3.8,2.9,2025-01-16,
863,13,6,2025-1,3.6,1.7,2.5,2025-03-01,
864,13,7,2025-1,1.1,4.1,1.1,2025-01-29,
865,13,8,2025-1,3.7,1.8,1.8,2025-03-03,
866,14,2,2025-1,3.0,2.3,2.8,2025-02-23,
867,14,3,2025-1,3.4,4.3,3.9,2025-01-17,
868,14,4,2025-1,3.4,3.1,4.5,2025-02-20,Neque maiores et nostrum quibusdam beatae quidem.
869,14,5,2025-1,2.8,4.5,4.5,2025-02-12,
870,14,6,2025-1,1.2,2.5,4.1,2025-03-03,Accusamus aliquam dolores molestias quam illum fugit.
871,14,7,2025-1,2.6,2.2,4.3,2025-02-12,
872,14,8,2025-1,4.7,3.8,4.6,2025-02-23,
873,15,1,2025-1,3.9,1.5,4.1,2025-01-20,Hic fugiat fuga dolores quae esse.
874,15,2,2025-1,2.6,2.3,1.1,2025-01-23,
875,15,3,2025-1,1.8,2.8,2.0,2025-03-13,Nostrum expedita placeat ipsa dolore.
876,15,4,2025-1,1.7,3.9,1.4,2025-03-06,Error distinctio ducimus culpa necessitatibus tempora aperiam.
877,15,5,2025-1,3.1,2.5,4.2,2025-01-20,
878,15,6,2025-1,3.2,1.2,1.7,2025-02-08,
879,15,7,2025-1,1.6,4.5,1.7,2025-03-11,Voluptatibus tempore quis explicabo.
880,15,8,2025-1,3.9,4.8,2.2,2025-02-03,
881,16,1,2025-1,1.0,4.1,1.0,2025-01-27,
882,16,2,2025-1,1.0,4.5,2.0,2025-03-07,
883,16,3,2025-1,2.8,3.4,1.0,2025-02-10,Eligendi et soluta quis necessitatibus dolorum ratione.
884,16,4,2025-1,3.2,4.3,1.2,2025-02-24,
885,16,5,2025-1,1.6,1.1,3.3,2025-01-17,Repudiandae quibusdam commodi officia dolore reprehenderit officia tempore.
886,16,6,2025-1,1.2,2.7,1.7,2025-01-20,Temporibus et beatae excepturi quae laboriosam.
887,16,7,2025-1,3.8,3.3,3.2,2025-02-28,Unde ut facilis unde accusamus.
888,16,8,2025-1,4.7,1.4,2.2,2025-02-07,
889,17,1,2025-1,4.0,4.4,1.3,2025-01-19,
890,17,2,2025-1,2.1,3.1,3.1,2025-03-11,Quas ipsum impedit eveniet inventore sit.
891,17,3,2025-1,3.3,4.9,3.1,2025-01-21,
892,17,4,2025-1,4.7,4.9,2.1,2025-02-22,Iste illum earum ab.
893,17,5,2025-1,3.3,3.5,4.7,2025-02-17,Laboriosam a autem delectus alias tenetur.
894,17,6,2025-1,3.5,3.0,1.7,2025-03-02,Odit nulla eligendi molestias sapiente.
895,17,7,2025-1,1.0,1.1,3.5,2025-01-27,
896,17,8,2025-1,3.5,2.7,1.2,2025-03-07,
897,18,1,2025-1,1.0,1.8,2.1,2025-01-28,Mollitia delectus accusamus aut reiciendis.
898,18,2,2025-1,3.2,4.1,1.5,2025-02-16,
899,18,3,2025-1,3.5,1.1,1.7,2025-02-20,
900,18,4,2025-1,2.9,2.9,1.1,2025-02-27,
901,18,5,2025-1,4.6,3.1,2.3,2025-02-13,Reiciendis voluptates dignissimos officia.
902,18,6,2025-1,1.2,3.1,3.3,2025-03-03,Quae est perferendis laborum soluta debitis sunt.
903,18,7,2025-1,1.8,3.7,4.2,2025-01-16,Porro veritatis in itaque.
904,18,8,2025-1,2.1,1.1,4.9,2025-01-24,Quo assumenda id iste quas vel.
905,19,1,2025-1,3.4,1.7,1.5,2025-02-20,Eum ut omnis delectus quo occaecati ipsa.
906,19,2,2025-1,2.3,1.1,2.7,2025-03-10,
907,19,3,2025-1,4.3,2.2,3.1,2025-02-12,
908,19,4,2025-1,4.1,4.7,2.8,2025-01-17,
909,19,5,2025-1,1.6,2.4,2.9,2025-02-16,Consequatur laudantium totam quam nulla id.
910,19,6,2025-1,1.6,4.5,4.3,2025-02-04,Animi temporibus consequatur dolor alias.
911,19,7,2025-1,1.8,1.1,2.6,2025-01-23,Ratione dignissimos voluptate inventore nihil veniam.
912,19,8,2025-1,4.7,3.7,3.4,2025-02-03,
913,20,1,2025-1,1.4,4.1,4.0,2025-01-17,
914,20,2,2025-1,4.6,2.3,1.8,2025-02-24,
915,20,3,2025-1,3.7,2.1,1.6,2025-02-12,
916,20,5,2025-1,1.8,2.4,2.3,2025-01-21,
917,20,6,2025-1,3.3,1.7,2.2,2025-02-02,Assumenda suscipit doloribus placeat.
918,20,7,2025-1,1.5,2.9,3.7,2025-01-18,
919,20,8,2025-1,2.6,3.8,4.6,2025-02-11,Accusamus voluptate nemo impedit.
920,21,1,2025-1,3.5,2.2,4.3,2025-02-12,Dolorem quisquam tempore fugit recusandae omnis.
921,21,2,2025-1,1.3,4.7,4.1,2025-02-18,
922,21,3,2025-1,4.7,2.9,2.8,2025-03-07,Error voluptatum voluptatem facere.
923,21,4,2025-1,2.9,4.8,1.6,2025-02-13,Tempore cupiditate asperiores fugiat sequi.
924,21,5,2025-1,2.6,3.8,3.7,2025-02-07,Dicta nulla nostrum minima iste incidunt.
925,21,6,2025-1,3.0,1.3,1.5,2025-02-13,
926,21,7,2025-1,4.1,3.4,1.5,2025-02-02,
927,21,8,2025-1,1.4,3.2,1.3,2025-03-06,
928,22,1,2025-1,2.7,3.5,3.2,2025-02-21,Assumenda nulla enim aliquid at.
929,22,2,2025-1,1.8,3.8,2.7,2025-02-05,Incidunt aut nemo modi doloribus.
930,22,3,2025-1,3.2,1.9,3.7,2025-02-05,
931,22,4,2025-1,4.3,1.5,3.4,2025-02-20,
932,22,5,2025-1,1.7,4.8,1.3,2025-02-12,
933,22,6,2025-1,4.3,2.3,3.6,2025-03-05,
934,22,7,2025-1,4.5,4.6,3.5,2025-01-23,
935,22,8,2025-1,2.8,2.2,3.5,2025-01-24,
936,23,1,2025-1,2.3,3.3,4.7,2025-03-12,
937,23,2,2025-1,3.9,4.7,5.0,2025-02-11,
938,23,3,2025-1,2.6,1.5,2.2,2025-02-16,
939,23,4,2025-1,1.0,3.2,4.9,2025-01-18,
940,23,5,2025-1,1.9,3.8,2.6,2025-01-16,
941,23,6,2025-1,2.7,1.8,1.7,2025-02-08,
942,23,7,2025-1,4.7,4.4,1.6,2025-03-09,Excepturi dolore corrupti maxime officiis.
943,23,8,2025-1,1.0,3.6,1.6,2025-01-23,Vero repudiandae facilis maiores incidunt minima consequuntur consequatur.
944,24,1,2025-1,1.3,3.6,2.7,2025-01-23,
945,24,2,2025-1,4.7,3.5,2.8,2025-02-22,
946,24,3,2025-1,2.4,1.7,3.4,2025-02-08,
947,24,4,2025-1,3.8,2.1,4.7,2025-01-30,
948,24,5,2025-1,3.3,3.8,1.5,2025-01-17,
949,24,6,2025-1,3.9,3.1,4.4,2025-01-24,Ipsum ea quos eaque voluptatem optio consectetur.
950,24,7,2025-1,1.3,4.6,1.4,2025-02-17,
951,24,8,2025-1,1.3,3.5,4.2,2025-02-26,
952,25,1,2025-1,3.1,1.0,2.8,2025-02-05,Id adipisci quidem unde.
953,25,2,2025-1,2.7,4.8,4.2,2025-02-05,
954,25,3,2025-1,3.4,2.2,4.1,2025-03-15,
955,25,4,2025-1,1.7,1.2,5.0,2025-02-21,Nisi nemo voluptates explicabo nulla incidunt ducimus.
956,25,5,2025-1,2.9,1.5,1.3,2025-02-02,Libero molestias ratione similique numquam consequuntur.
957,25,6,2025-1,2.1,4.4,1.1,2025-02-23,
958,25,7,2025-1,4.0,3.6,2.5,2025-02-21,
959,25,8,2025-1,2.9,4.2,4.4,2025-01-30,
960,26,1,2025-1,3.4,4.3,4.4,2025-01-24,Nemo debitis laboriosam eaque perferendis porro ipsa.
961,26,2,2025-1,2.0,2.8,3.6,2025-02-08,
962,26,3,2025-1,1.2,2.1,4.3,2025-02-06,
963,26,4,2025-1,2.2,4.0,4.0,2025-02-14,
964,26,5,2025-1,2.6,2.1,3.1,2025-03-01,
965,26,6,2025-1,2.8,3.7,4.8,2025-03-07,Voluptas eos iure ipsum rem in.
966,26,7,2025-1,3.1,2.4,4.4,2025-03-14,Quibusdam non impedit.
967,26,8,2025-1,2.3,2.1,1.4,2025-02-01,Illo ipsa sit repellendus sint aliquid impedit.
968,27,1,2025-1,3.7,2.0,3.7,2025-03-05,Excepturi delectus neque quisquam perferendis.
969,27,2,2025-1,3.8,1.7,3.2,2025-02-27,Odio illum reiciendis placeat.
970,27,3,2025-1,2.6,3.1,3.7,2025-01-15,
971,27,4,2025-1,1.8,1.1,1.4,2025-01-31,Eaque ea vitae voluptas hic.
972,27,5,2025-1,1.9,3.4,1.5,2025-03-09,Deleniti incidunt iusto beatae.
973,27,6,2025-1,1.5,3.6,4.6,2025-02-22,
974,27,8,2025-1,1.7,2.2,3.6,2025-02-28,
975,28,1,2025-1,4.1,3.8,3.7,2025-02-01,Nam rem minima eveniet.
976,28,2,2025-1,1.3,4.1,2.5,2025-03-05,
977,28,3,2025-1,2.1,2.8,3.0,2025-03-08,Vitae vero fugit.
978,28,4,2025-1,3.6,1.4,3.2,2025-01-26,
979,28,5,2025-1,4.7,3.9,1.4,2025-01-21,
980,28,6,2025-1,4.1,1.1,3.0,2025-01-31,Sint ullam unde rem voluptatum maxime.
981,28,7,2025-1,3.7,2.1,3.8,2025-01-17,Commodi nesciunt temporibus at enim explicabo voluptatibus vitae.
982,28,8,2025-1,3.8,4.1,2.9,2025-02-16,
983,29,1,2025-1,4.1,3.2,1.0,2025-03-07,Veniam officia molestiae ea at.
984,29,2,2025-1,1.5,3.1,5.0,2025-02-14,
985,29,3,2025-1,3.5,4.8,1.4,2025-01-18,
986,29,5,2025-1,4.0,2.2,1.8,2025-02-13,
987,29,7,2025-1,3.8,4.6,3.5,2025-02-03,
988,29,8,2025-1,2.8,1.8,1.1,2025-02-24,
989,30,2,2025-1,1.3,3.2,2.2,2025-02-08,
990,30,3,2025-1,4.9,1.1,2.4,2025-02-12,
991,30,4,2025-1,1.5,4.2,3.7,2025-02-09,
992,30,5,2025-1,3.1,4.0,1.9,2025-03-11,
993,30,6,2025-1,3.6,2.9,4.7,2025-02-15,
994,30,7,2025-1,1.1,3.5,4.6,2025-01-23,Inventore sit at.
995,30,8,2025-1,1.7,3.4,4.3,2025-02-23,
996,31,1,2025-1,3.5,1.3,1.8,2025-03-07,
997,31,2,2025-1,3.7,2.3,4.9,2025-03-03,
998,31,3,2025-1,4.9,1.9,1.2,2025-03-09,
999,31,4,2025-1,1.6,2.7,3.8,2025-02-01,
1000,31,5,2025-1,3.3,1.5,4.2,2025-03-15,Voluptate eos aliquam magnam voluptatibus.
1001,31,6,2025-1,1.1,2.9,1.0,2025-01-25,
1002,31,7,2025-1,3.4,2.1,3.8,2025-02-25,Veritatis blanditiis consequatur itaque.
1003,31,8,2025-1,1.8,3.6,3.1,2025-01-23,
1004,32,1,2025-1,3.8,3.4,3.9,2025-02-23,Tempore laudantium recusandae ipsam facere expedita laboriosam.
1005,32,2,2025-1,4.1,2.4,1.0,2025-03-08,
1006,32,3,2025-1,4.9,3.5,4.5,2025-02-17,Sed nesciunt quas officia.
1007,32,4,2025-1,4.1,3.6,2.1,2025-02-13,
1008,32,5,2025-1,4.4,4.6,3.0,2025-02-27,
1009,32,6,2025-1,3.6,2.1,2.7,2025-01-18,
1010,32,7,2025-1,2.8,1.4,1.2,2025-03-04,
1011,32,8,2025-1,2.9,1.5,4.6,2025-01-16,Quae explicabo ex explicabo aspernatur explicabo labore.
1012,33,1,2025-1,2.7,4.0,4.6,2025-02-04,
1013,33,2,2025-1,1.4,4.0,4.5,2025-01-29,
1014,33,3,2025-1,3.3,1.2,2.7,2025-02-14,
1015,33,4,2025-1,2.5,1.5,3.9,2025-01-26,Esse ut explicabo ratione voluptatum iste tempora.
1016,33,6,2025-1,1.1,3.3,2.1,2025-01-23,
1017,33,7,2025-1,1.7,2.4,4.5,2025-02-10,Autem nostrum fugit voluptas assumenda.
1018,33,8,2025-1,4.8,4.6,3.3,2025-02-24,
1019,34,1,2025-1,4.4,3.0,5.0,2025-02-10,
1020,34,2,2025-1,1.1,2.7,4.5,2025-02-01,
1021,34,3,2025-1,4.6,3.4,1.6,2025-01-29,
1022,34,4,2025-1,1.2,2.9,4.1,2025-01-17,
1023,34,5,2025-1,4.2,3.8,1.4,2025-02-14,
1024,34,6,2025-1,1.0,3.9,4.8,2025-03-04,
1025,34,7,2025-1,5.0,1.1,3.7,2025-02-25,
1026,34,8,2025-1,4.0,1.1,2.8,2025-02-20,Rem laudantium quam adipisci.
1027,35,1,2025-1,1.7,4.5,3.5,2025-02-09,Fugit veniam nobis ex consectetur neque.
1028,35,2,2025-1,1.3,4.6,2.3,2025-02-24,
1029,35,3,2025-1,3.8,3.5,3.3,2025-02-01,
1030,35,4,2025-1,4.5,3.9,1.2,2025-02-23,Alias odio maiores nulla ipsum placeat iste molestias.
1031,35,5,2025-1,1.2,2.5,2.9,2025-03-12,
1032,35,6,2025-1,3.2,1.3,3.8,2025-02-25,
1033,35,8,2025-1,3.6,3.9,4.0,2025-01-22,Ex perspiciatis fugiat nam magnam aliquam nesciunt.
1034,36,1,2025-1,4.0,1.9,2.4,2025-03-04,
1035,36,2,2025-1,1.2,2.5,2.8,2025-02-01,
1036,36,3,2025-1,3.8,3.7,3.1,2025-02-14,
1037,36,4,2025-1,3.7,3.8,4.9,2025-03-07,Hic explicabo mollitia.
1038,36,5,2025-1,2.8,1.3,4.6,2025-03-12,
1039,36,7,2025-1,1.4,1.6,1.6,2025-02-01,
1040,37,1,2025-1,4.9,3.2,1.5,2025-02-10,
1041,37,2,2025-1,1.1,1.8,1.1,2025-02-25,Sequi maiores voluptatibus cupiditate ipsa non.
1042,37,3,2025-1,3.6,2.6,2.4,2025-02-17,Debitis dolorem nam est maiores.
1043,37,4,2025-1,3.7,3.1,3.2,2025-02-21,
1044,37,5,2025-1,4.2,1.7,2.0,2025-03-13,
1045,37,7,2025-1,1.6,2.1,4.8,2025-01-18,Quo voluptates voluptatibus corrupti tempore modi voluptatem.
1046,37,8,2025-1,2.1,4.9,4.4,2025-02-18,Earum nesciunt quasi iste expedita mollitia quod.
1047,38,1,2025-1,1.6,1.5,5.0,2025-01-24,
1048,38,2,2025-1,1.7,3.2,1.1,2025-02-07,
1049,38,3,2025-1,2.8,4.9,3.1,2025-02-07,
1050,38,4,2025-1,3.0,1.6,2.8,2025-03-15,
1051,38,5,2025-1,3.2,3.0,3.6,2025-03-03,
1052,38,6,2025-1,4.0,5.0,3.7,2025-03-16,Explicabo minima blanditiis sit ab.
1053,38,7,2025-1,2.8,3.8,3.9,2025-03-15,Ea maxime vel quo.
1054,38,8,2025-1,1.5,1.1,3.5,2025-02-19,
1055,39,1,2025-1,1.2,3.6,3.3,2025-02-04,
1056,39,2,2025-1,1.8,1.3,4.4,2025-02-01,Aliquam voluptatum molestias reiciendis eum architecto corrupti.
1057,39,5,2025-1,2.3,3.4,4.8,2025-02-15,Accusantium sunt odio tempora officia inventore.
1058,39,6,2025-1,3.9,2.7,2.5,2025-01-24,
1059,39,7,2025-1,4.9,4.5,1.4,2025-02-03,Doloribus ratione suscipit neque perferendis dolor molestiae quaerat.
1060,39,8,2025-1,4.2,2.2,4.2,2025-02-10,Pariatur quis officia et eligendi.
1061,40,1,2025-1,2.7,4.3,3.4,2025-03-13,
1062,40,2,2025-1,3.1,2.3,4.7,2025-03-11,
1063,40,3,2025-1,2.6,4.7,2.7,2025-01-15,
1064,40,4,2025-1,4.7,1.8,4.3,2025-03-04,
1065,40,5,2025-1,4.3,4.3,2.2,2025-03-08,
1066,40,6,2025-1,4.2,1.6,2.2,2025-01-16,Omnis sunt natus molestiae dolore.
1067,40,7,2025-1,3.6,4.6,2.7,2025-01-22,
1068,40,8,2025-1,1.1,4.1,3.0,2025-01-30,Cumque laborum fugit fugit repellat explicabo doloribus.
1069,41,1,2025-1,3.3,3.3,4.5,2025-02-07,Libero illum voluptatem officia.
1070,41,2,2025-1,4.3,2.5,3.9,2025-02-28,
1071,41,3,2025-1,1.2,2.3,4.5,2025-02-21,
1072,41,4,2025-1,2.4,3.5,4.8,2025-02-01,
1073,41,5,2025-1,4.7,3.1,4.1,2025-02-24,
1074,41,6,2025-1,1.7,2.3,2.3,2025-03-04,Explicabo nihil quos in.
1075,41,7,2025-1,3.7,3.8,1.4,2025-02-01,
1076,41,8,2025-1,1.5,2.1,4.1,2025-01-15,
1077,42,1,2025-1,1.4,1.6,1.9,2025-01-25,
1078,42,2,2025-1,3.8,4.8,4.4,2025-02-23,Molestiae iusto adipisci sed id accusamus pariatur nemo.
1079,42,3,2025-1,1.5,2.8,1.3,2025-03-07,Nisi iusto commodi consectetur aspernatur ipsa.
1080,42,4,2025-1,2.4,3.8,1.6,2025-02-14,
1081,42,6,2025-1,1.7,2.2,4.0,2025-02-05,
1082,42,7,2025-1,1.6,1.9,1.5,2025-02-28,
1083,42,8,2025-1,4.1,1.4,1.1,2025-02-28,
1084,43,1,2025-1,1.4,4.2,3.1,2025-01-27,
1085,43,2,2025-1,1.2,2.2,1.0,2025-01-31,
1086,43,3,2025-1,1.8,4.6,1.7,2025-02-22,
1087,43,4,2025-1,4.0,2.1,3.3,2025-03-10,
1088,43,5,2025-1,3.9,2.0,3.3,2025-03-05,
1089,43,6,2025-1,3.1,3.9,4.9,2025-01-15,
1090,43,7,2025-1,4.9,1.4,1.9,2025-01-15,
1091,43,8,2025-1,3.8,1.7,3.7,2025-02-07,
1092,44,1,2025-1,2.7,3.1,2.6,2025-02-08,Quae repudiandae ipsam.
1093,44,2,2025-1,1.4,1.5,4.0,2025-02-13,Deserunt explicabo quidem occaecati eveniet architecto.
1094,44,3,2025-1,1.3,3.0,2.5,2025-01-17,
1095,44,4,2025-1,4.9,2.8,3.2,2025-02-27,
1096,44,5,2025-1,4.4,4.6,4.2,2025-01-27,Dignissimos est itaque debitis provident.
1097,44,6,2025-1,5.0,3.0,1.4,2025-01-15,
1098,44,7,2025-1,1.5,2.6,3.8,2025-01-20,Rerum sed veniam laborum id reiciendis blanditiis.
1099,44,8,2025-1,4.9,1.3,4.9,2025-03-13,
1100,45,1,2025-1,1.5,4.4,3.9,2025-02-09,
1101,45,2,2025-1,3.4,4.0,4.2,2025-02-21,Corporis qui tenetur sapiente.
1102,45,3,2025-1,3.4,2.6,2.9,2025-02-26,
1103,45,4,2025-1,1.5,3.0,1.9,2025-01-21,Repellat quo aliquid vel aspernatur.
1104,45,5,2025-1,1.2,1.3,3.7,2025-03-03,Porro explicabo vitae aperiam adipisci sequi corporis.
1105,45,6,2025-1,2.3,2.2,3.5,2025-02-27,Sed dolorem voluptate sit veniam expedita.
1106,45,7,2025-1,4.1,4.2,1.8,2025-02-17,Incidunt facilis voluptates nam quidem.
1107,45,8,2025-1,3.2,4.2,3.2,2025-01-31,
1108,46,1,2025-1,4.5,1.5,2.8,2025-02-11,Reiciendis voluptates natus non eveniet.
1109,46,2,2025-1,1.1,3.2,4.4,2025-01-17,
1110,46,3,2025-1,2.7,2.2,2.6,2025-02-15,Dicta autem officia mollitia accusamus.
1111,46,4,2025-1,3.6,3.7,3.3,2025-02-15,
1112,46,5,2025-1,1.2,2.1,3.4,2025-02-16,
1113,46,6,2025-1,4.9,2.3,1.1,2025-03-05,
1114,46,7,2025-1,4.2,3.3,4.1,2025-02-06,Reprehenderit ab voluptate illo nemo vitae sapiente.
1115,46,8,2025-1,2.4,2.4,2.4,2025-02-11,Fuga a dicta iste dignissimos veniam maxime.
1116,47,1,2025-1,2.2,1.3,3.8,2025-02-25,Dolorum sint deserunt nobis.
1117,47,2,2025-1,1.1,2.3,2.8,2025-01-25,Eius quasi unde aliquid eveniet quidem fuga vitae.
1118,47,3,2025-1,2.7,1.1,2.9,2025-03-13,
1119,47,4,2025-1,2.6,3.3,4.2,2025-02-20,
1120,47,5,2025-1,3.0,4.2,3.7,2025-02-05,
1121,47,6,2025-1,1.8,3.5,4.9,2025-02-11,
1122,47,7,2025-1,2.1,1.2,5.0,2025-01-28,
1123,47,8,2025-1,4.8,3.9,3.3,2025-03-03,
1124,48,1,2025-1,4.2,2.9,1.8,2025-02-20,Quia nisi provident commodi ratione ullam id.
1125,48,2,2025-1,3.0,2.2,3.7,2025-02-03,
1126,48,3,2025-1,3.5,2.8,4.1,2025-01-31,
1127,48,4,2025-1,3.1,1.7,3.0,2025-03-01,Voluptatum corporis sequi fugiat.
1128,48,5,2025-1,2.9,4.7,3.1,2025-03-16,Sequi illo minus libero impedit nisi veritatis eveniet.
1129,48,6,2025-1,4.7,3.9,1.2,2025-02-11,
1130,48,7,2025-1,1.6,3.7,2.2,2025-01-30,
1131,48,8,2025-1,4.6,3.5,4.4,2025-03-09,
1132,49,1,2025-1,2.0,3.4,2.6,2025-01-25,
1133,49,2,2025-1,4.2,2.2,2.9,2025-01-30,Laboriosam nisi velit soluta commodi delectus.
1134,49,3,2025-1,1.1,1.6,1.5,2025-03-13,
1135,49,4,2025-1,3.2,3.6,1.2,2025-02-26,Aspernatur eius accusamus natus labore.
1136,49,5,2025-1,4.4,1.3,3.4,2025-01-18,In nulla in.
1137,49,6,2025-1,4.6,3.7,4.5,2025-02-10,
1138,49,7,2025-1,1.6,1.4,3.9,2025-03-09,Impedit impedit doloribus sed facilis.
1139,49,8,2025-1,3.3,4.1,3.1,2025-03-09,
1140,50,1,2025-1,1.5,4.2,2.3,2025-02-22,
1141,50,2,2025-1,4.0,4.7,1.9,2025-03-03,
1142,50,3,2025-1,2.8,2.0,3.4,2025-02-01,
1143,50,4,2025-1,1.5,3.2,2.9,2025-03-16,
1144,50,5,2025-1,4.7,2.5,3.9,2025-03-06,Itaque consectetur voluptate sint provident ad.
1145,50,6,2025-1,3.4,4.4,3.6,2025-03-13,Quaerat modi temporibus vel.
1146,50,7,2025-1,3.7,2.0,2.5,2025-03-06,Sit corrupti aut vel consequatur.
1147,50,8,2025-1,4.2,1.5,4.5,2025-03-13,Rem necessitatibus ipsa quam consequatur error non.
291,39,2,2024-1,2.0,4.5,1.6,2024-02-10,
1113,46,6,2025-1,4.9,2.3,1.1,2025-03-05,
853,12,4,2025-1,4.8,3.4,3.5,2025-02-17,
414,5,1,2024-2,2.7,1.0,2.0,2024-09-03,
1139,49,8,2025-1,3.3,4.1,3.1,2025-03-09,
108,14,8,2024-1,4.0,1.7,1.9,2024-03-15,
831,9,6,2025-1,4.9,4.0,3.3,2025-02-09,
1126,48,3,2025-1,3.5,2.8,4.1,2025-01-31,
845,11,4,2025-1,1.3,3.6,3.7,2025-01-15,Explicabo porro quisquam minus.
591,28,4,2024-2,4.1,3.0,4.1,2024-08-20,
943,23,8,2025-1,1.0,3.6,1.6,2025-01-23,Vero repudiandae facilis maiores incidunt minima consequuntur consequatur.
114,15,6,2024-1,1.6,4.2,4.8,2024-01-18,
873,15,1,2025-1,3.9,1.5,4.1,2025-01-20,Hic fugiat fuga dolores quae esse.
410,4,5,2024-2,2.9,2.6,3.0,2024-08-22,Eos numquam neque.
671,38,8,2024-2,2.3,2.6,1.5,2024-08-11,
50,7,4,2024-1,2.5,3.2,2.7,2024-03-08,
157,21,3,2024-1,1.9,3.3,3.3,2024-01-21,Sit qui labore doloribus cum voluptate harum consequuntur.
786,3,7,2025-1,2.2,4.2,5.0,2025-02-10,
52,7,6,2024-1,2.4,3.2,4.5,2024-01-21,Perspiciatis numquam aliquam reiciendis consectetur.
1055,39,1,2025-1,1.2,3.6,3.3,2025-02-04,
